ID;Nr;Messtag;Name;Fahrbahn;Belag;Manoever;Geschwindigkeit;Fahrzeug;Reifen;Reifendruck;Witterung;Stoerung;Mikrofon;Position
0;0;1;Stillstand Motor aus;Oval;Asphalt;Stillstand;0 km/h;W75;Goodyear;8 bar;trocken;keine;PCB - Kein;1
1;0;1;Stillstand Motor aus;Oval;Asphalt;Stillstand;0 km/h;W75;Goodyear;8 bar;trocken;keine;PCB - Kein;2
2;1;1;Stillstand Leerlauf;Oval;Asphalt;Stillstand;0 km/h;W75;Goodyear;8 bar;trocken;keine;PCB - Kein;1
3;1;1;Stillstand Leerlauf;Oval;Asphalt;Stillstand;0 km/h;W75;Goodyear;8 bar;trocken;keine;PCB - Kein;2
4;2;1;Stillstand Drehzahlerhoehung;Oval;Asphalt;Stillstand;0 km/h;W75;Goodyear;8 bar;trocken;keine;PCB - Kein;1
5;2;1;Stillstand Drehzahlerhoehung;Oval;Asphalt;Stillstand;0 km/h;W75;Goodyear;8 bar;trocken;keine;PCB - Kein;2
6;3;1;Konstantfahrt Asphalt trocken;Oval;Asphalt;Konstantfahrt;30 km/h;W75;Goodyear;8 bar;trocken;keine;PCB - Kein;1
7;3;1;Konstantfahrt Asphalt trocken;Oval;Asphalt;Konstantfahrt;30 km/h;W75;Goodyear;8 bar;trocken;keine;PCB - Kein;2
8;4;1;Konstantfahrt Asphalt trocken;Oval;Asphalt;Konstantfahrt;50 km/h;W75;Goodyear;8 bar;trocken;keine;PCB - Kein;1
9;4;1;Konstantfahrt Asphalt trocken;Oval;Asphalt;Konstantfahrt;50 km/h;W75;Goodyear;8 bar;trocken;keine;PCB - Kein;2
10;5;1;Konstantfahrt Asphalt trocken;Oval;Asphalt;Konstantfahrt;80 km/h;W75;Goodyear;8 bar;trocken;keine;PCB - Kein;1
11;5;1;Konstantfahrt Asphalt trocken;Oval;Asphalt;Konstantfahrt;80 km/h;W75;Goodyear;8 bar;trocken;keine;PCB - Kein;2
12;6;1;Konstantfahrt Beton trocken;Oval;Beton;Konstantfahrt;30 km/h;W75;Goodyear;8 bar;trocken;keine;PCB - Kein;1
13;6;1;Konstantfahrt Beton trocken;Oval;Beton;Konstantfahrt;30 km/h;W75;Goodyear;8 bar;trocken;keine;PCB - Kein;2
14;7;1;Konstantfahrt Beton trocken;Oval;Beton;Konstantfahrt;50 km/h;W75;Goodyear;8 bar;trocken;keine;PCB - Kein;1
15;7;1;Konstantfahrt Beton trocken;Oval;Beton;Konstantfahrt;50 km/h;W75;Goodyear;8 bar;trocken;keine;PCB - Kein;2
16;8;1;Konstantfahrt Beton trocken;Oval;Beton;Konstantfahrt;80 km/h;W75;Goodyear;8 bar;trocken;keine;PCB - Kein;1
17;8;1;Konstantfahrt Beton trocken;Oval;Beton;Konstantfahrt;80 km/h;W75;Goodyear;8 bar;trocken;keine;PCB - Kein;2
18;9;1;Konstantfahrt Blaubasalt trocken;Oval;Blaubasalt;Konstantfahrt;30 km/h;W75;Goodyear;8 bar;trocken;keine;PCB - Kein;1
19;9;1;Konstantfahrt Blaubasalt trocken;Oval;Blaubasalt;Konstantfahrt;30 km/h;W75;Goodyear;8 bar;trocken;keine;PCB - Kein;2
20;10;1;Konstantfahrt Blaubasalt trocken;Oval;Blaubasalt;Konstantfahrt;50 km/h;W75;Goodyear;8 bar;trocken;keine;PCB - Kein;1
21;10;1;Konstantfahrt Blaubasalt trocken;Oval;Blaubasalt;Konstantfahrt;50 km/h;W75;Goodyear;8 bar;trocken;keine;PCB - Kein;2
22;11;1;Konstantfahrt Blaubasalt trocken;Oval;Blaubasalt;Konstantfahrt;80 km/h;W75;Goodyear;8 bar;trocken;keine;PCB - Kein;1
23;11;1;Konstantfahrt Blaubasalt trocken;Oval;Blaubasalt;Konstantfahrt;80 km/h;W75;Goodyear;8 bar;trocken;keine;PCB - Kein;2
24;12;1;Konstantfahrt Stahl trocken;Oval;Stahlbahn;Konstantfahrt;30 km/h;W75;Goodyear;8 bar;trocken;keine;PCB - Kein;1
25;12;1;Konstantfahrt Stahl trocken;Oval;Stahlbahn;Konstantfahrt;30 km/h;W75;Goodyear;8 bar;trocken;keine;PCB - Kein;2
26;13;1;Konstantfahrt Stahl trocken;Oval;Stahlbahn;Konstantfahrt;40 km/h;W75;Goodyear;8 bar;trocken;keine;PCB - Kein;1
27;13;1;Konstantfahrt Stahl trocken;Oval;Stahlbahn;Konstantfahrt;40 km/h;W75;Goodyear;8 bar;trocken;keine;PCB - Kein;2
28;14;1;Konstantfahrt Stahl trocken;Oval;Stahlbahn;Konstantfahrt;80 km/h;W75;Goodyear;8 bar;trocken;keine;PCB - Kein;1
29;14;1;Konstantfahrt Stahl trocken;Oval;Stahlbahn;Konstantfahrt;80 km/h;W75;Goodyear;8 bar;trocken;keine;PCB - Kein;2
30;15;1;Beschleunigungsfahrt trocken;Oval;Asphalt;Beschleunigung;0 - 80 km/h;W75;Goodyear;8 bar;trocken;keine;PCB - Kein;1
31;15;1;Beschleunigungsfahrt trocken;Oval;Asphalt;Beschleunigung;0 - 80 km/h;W75;Goodyear;8 bar;trocken;keine;PCB - Kein;2
32;16;1;Rollen trocken;Oval;Asphalt;Rollen;80 - X km/h;W75;Goodyear;8 bar;trocken;keine;PCB - Kein;1
33;16;1;Rollen trocken;Oval;Asphalt;Rollen;80 - X km/h;W75;Goodyear;8 bar;trocken;keine;PCB - Kein;2
34;17;1;Motor aus trocken;Oval;Asphalt;Rollen;80 - X km/h;W75;Goodyear;8 bar;trocken;keine;PCB - Kein;1
35;17;1;Motor aus trocken;Oval;Asphalt;Rollen;80 - X km/h;W75;Goodyear;8 bar;trocken;keine;PCB - Kein;2
36;18;1;Teilbremsung Asphalt trocken;Oval;Asphalt;Teillastbremsung;80 - 0 km/h;W75;Goodyear;8 bar;trocken;keine;PCB - Kein;1
37;18;1;Teilbremsung Asphalt trocken;Oval;Asphalt;Teillastbremsung;80 - 0 km/h;W75;Goodyear;8 bar;trocken;keine;PCB - Kein;2
38;19;1;Teilbremsung Blaubasalt trocken;Oval;Blaubasalt;Teillastbremsung;80 - 0 km/h;W75;Goodyear;8 bar;trocken;keine;PCB - Kein;1
39;19;1;Teilbremsung Blaubasalt trocken;Oval;Blaubasalt;Teillastbremsung;80 - 0 km/h;W75;Goodyear;8 bar;trocken;keine;PCB - Kein;2
40;20;1;Teilbremsung Stahl trocken;Oval;Stahlbahn;Teillastbremsung;80 - 0 km/h;W75;Goodyear;8 bar;trocken;keine;PCB - Kein;1
41;20;1;Teilbremsung Stahl trocken;Oval;Stahlbahn;Teillastbremsung;80 - 0 km/h;W75;Goodyear;8 bar;trocken;keine;PCB - Kein;2
42;21;1;Vollbremsung Asphalt trocken;Oval;Asphalt;Vollbremsung;80 - 0 km/h;W75;Goodyear;8 bar;trocken;keine;PCB - Kein;1
43;21;1;Vollbremsung Asphalt trocken;Oval;Asphalt;Vollbremsung;80 - 0 km/h;W75;Goodyear;8 bar;trocken;keine;PCB - Kein;2
44;22;1;Vollbremsung Blaubasalt trocken;Oval;Blaubasalt;Vollbremsung;50 - 0 km/h;W75;Goodyear;8 bar;trocken;keine;PCB - Kein;1
45;22;1;Vollbremsung Blaubasalt trocken;Oval;Blaubasalt;Vollbremsung;50 - 0 km/h;W75;Goodyear;8 bar;trocken;keine;PCB - Kein;2
46;23;1;Kurvenfahrt ESC-Kreisel trocken;ESC-Kreisel;Asphalt;Konstantfahrt;30 km/h;W75;Goodyear;8 bar;trocken;keine;PCB - Kein;1
47;23;1;Kurvenfahrt ESC-Kreisel trocken;ESC-Kreisel;Asphalt;Konstantfahrt;30 km/h;W75;Goodyear;8 bar;trocken;keine;PCB - Kein;2
48;24;1;Kurvenfahrt ESC-Kreisel trocken;ESC-Kreisel;Asphalt;Konstantfahrt;50 km/h;W75;Goodyear;8 bar;trocken;keine;PCB - Kein;1
49;24;1;Kurvenfahrt ESC-Kreisel trocken;ESC-Kreisel;Asphalt;Konstantfahrt;50 km/h;W75;Goodyear;8 bar;trocken;keine;PCB - Kein;2
50;25;1;Kurvenfahrt ESC-Kreisel trocken;ESC-Kreisel;Blaubasalt;Konstantfahrt;30 km/h;W75;Goodyear;8 bar;trocken;keine;PCB - Kein;1
51;25;1;Kurvenfahrt ESC-Kreisel trocken;ESC-Kreisel;Blaubasalt;Konstantfahrt;30 km/h;W75;Goodyear;8 bar;trocken;keine;PCB - Kein;2
52;26;1;Kurvenfahrt ESC-Kreisel trocken;ESC-Kreisel;Blaubasalt;Konstantfahrt;50 km/h;W75;Goodyear;8 bar;trocken;keine;PCB - Kein;1
53;26;1;Kurvenfahrt ESC-Kreisel trocken;ESC-Kreisel;Blaubasalt;Konstantfahrt;50 km/h;W75;Goodyear;8 bar;trocken;keine;PCB - Kein;2
54;27;1;Parallelfahrt;Oval;Asphalt;Konstantfahrt;50 km/h;W75;Goodyear;8 bar;nass/feucht;LKW/Sattelzug parallel;PCB - Kein;1
55;27;1;Parallelfahrt;Oval;Asphalt;Konstantfahrt;50 km/h;W75;Goodyear;8 bar;nass/feucht;LKW/Sattelzug parallel;PCB - Kein;2
56;27;1;Parallelfahrt;Oval;Asphalt;Konstantfahrt;50 km/h;W75;Goodyear;8 bar;nass/feucht;LKW/Sattelzug parallel;PCB - Kein;1
57;27;1;Parallelfahrt;Oval;Asphalt;Konstantfahrt;50 km/h;W75;Goodyear;8 bar;nass/feucht;LKW/Sattelzug parallel;PCB - Kein;2
58;28;1;Ueberholvorgang passiv;Oval;Asphalt;Konstantfahrt;30 km/h;W75;Goodyear;8 bar;nass/feucht;LKW/Sattelzug parallel;PCB - Kein;1
59;28;1;Ueberholvorgang passiv;Oval;Asphalt;Konstantfahrt;30 km/h;W75;Goodyear;8 bar;nass/feucht;LKW/Sattelzug parallel;PCB - Kein;2
60;29;1;Ueberholvorgang aktiv;Oval;Asphalt;Konstantfahrt;50 km/h;W75;Goodyear;8 bar;nass/feucht;LKW/Sattelzug parallel;PCB - Kein;1
61;29;1;Ueberholvorgang aktiv;Oval;Asphalt;Konstantfahrt;50 km/h;W75;Goodyear;8 bar;nass/feucht;LKW/Sattelzug parallel;PCB - Kein;2
62;30;1;Reifendruck hoch;Oval;Asphalt;Konstantfahrt;30 km/h;W75;Goodyear;9 bar;trocken;keine;PCB - Kein;1
63;30;1;Reifendruck hoch;Oval;Asphalt;Konstantfahrt;30 km/h;W75;Goodyear;9 bar;trocken;keine;PCB - Kein;2
64;31;1;Reifendruck hoch;Oval;Asphalt;Konstantfahrt;50 km/h;W75;Goodyear;9 bar;trocken;keine;PCB - Kein;1
65;31;1;Reifendruck hoch;Oval;Asphalt;Konstantfahrt;50 km/h;W75;Goodyear;9 bar;trocken;keine;PCB - Kein;2
66;32;1;Reifendruck hoch;Oval;Asphalt;Konstantfahrt;80 km/h;W75;Goodyear;9 bar;trocken;keine;PCB - Kein;1
67;32;1;Reifendruck hoch;Oval;Asphalt;Konstantfahrt;80 km/h;W75;Goodyear;9 bar;trocken;keine;PCB - Kein;2
68;33;1;Reifendruck niedrig;Oval;Asphalt;Konstantfahrt;30 km/h;W75;Goodyear;6 bar;trocken;keine;PCB - Kein;1
69;33;1;Reifendruck niedrig;Oval;Asphalt;Konstantfahrt;30 km/h;W75;Goodyear;6 bar;trocken;keine;PCB - Kein;2
70;34;1;Reifendruck niedrig;Oval;Asphalt;Konstantfahrt;50 km/h;W75;Goodyear;6 bar;trocken;keine;PCB - Kein;1
71;34;1;Reifendruck niedrig;Oval;Asphalt;Konstantfahrt;50 km/h;W75;Goodyear;6 bar;trocken;keine;PCB - Kein;2
72;35;1;Reifendruck niedrig;Oval;Asphalt;Konstantfahrt;80 km/h;W75;Goodyear;6 bar;trocken;keine;PCB - Kein;1
73;35;1;Reifendruck niedrig;Oval;Asphalt;Konstantfahrt;80 km/h;W75;Goodyear;6 bar;trocken;keine;PCB - Kein;2
74;36;1;Fremdkoerper im Reifen;Oval;Asphalt;Konstantfahrt;50 km/h;W75;Goodyear;6 bar;trocken;Reisszwecke im Profil;PCB - Kein;1
75;36;1;Fremdkoerper im Reifen;Oval;Asphalt;Konstantfahrt;50 km/h;W75;Goodyear;6 bar;trocken;Reisszwecke im Profil;PCB - Kein;2
76;37;2;Kurvenfahrt Fahrdynamikflaeche;Fahrdynamikflaeche;Asphalt;Konstantfahrt;50 km/h;W75;Goodyear;8 bar;nass;keine;PCB - Kein;1
77;37;2;Kurvenfahrt Fahrdynamikflaeche;Fahrdynamikflaeche;Asphalt;Konstantfahrt;50 km/h;W75;Goodyear;8 bar;nass;keine;PCB - Kein;2
78;38;2;Kurvenfahrt Fahrdynamikflaeche;Fahrdynamikflaeche;Asphalt;Konstantfahrt;50 km/h;W75;Goodyear;8 bar;nass;keine;PCB - Kein;1
79;38;2;Kurvenfahrt Fahrdynamikflaeche;Fahrdynamikflaeche;Asphalt;Konstantfahrt;50 km/h;W75;Goodyear;8 bar;nass;keine;PCB - Kein;2
80;39;2;Kurvenfahrt Fahrdynamikflaeche;Fahrdynamikflaeche;Asphalt;Konstantfahrt;40 km/h;W75;Goodyear;8 bar;nass;keine;PCB - Kein;1
81;39;2;Kurvenfahrt Fahrdynamikflaeche;Fahrdynamikflaeche;Asphalt;Konstantfahrt;40 km/h;W75;Goodyear;8 bar;nass;keine;PCB - Kein;2
82;40;2;Kurvenfahrt Fahrdynamikflaeche;Fahrdynamikflaeche;Asphalt;Konstantfahrt;30 km/h;W75;Goodyear;8 bar;nass;keine;PCB - Kein;1
83;40;2;Kurvenfahrt Fahrdynamikflaeche;Fahrdynamikflaeche;Asphalt;Konstantfahrt;30 km/h;W75;Goodyear;8 bar;nass;keine;PCB - Kein;2
84;41;2;Kurvenfahrt Fahrdynamikflaeche;Fahrdynamikflaeche;Asphalt;Konstantfahrt;50 km/h;W75;Goodyear;8 bar;feucht;keine;PCB - Kein;1
85;41;2;Kurvenfahrt Fahrdynamikflaeche;Fahrdynamikflaeche;Asphalt;Konstantfahrt;50 km/h;W75;Goodyear;8 bar;feucht;keine;PCB - Kein;2
86;42;2;Kurvenfahrt Fahrdynamikflaeche;Fahrdynamikflaeche;Asphalt;Konstantfahrt;50 km/h;W75;Goodyear;8 bar;feucht;keine;PCB - Kein;1
87;42;2;Kurvenfahrt Fahrdynamikflaeche;Fahrdynamikflaeche;Asphalt;Konstantfahrt;50 km/h;W75;Goodyear;8 bar;feucht;keine;PCB - Kein;2
88;43;2;Kurvenfahrt Fahrdynamikflaeche;Fahrdynamikflaeche;Asphalt;Konstantfahrt;50 km/h;W75;Goodyear;8 bar;feucht;keine;PCB - Kein;1
89;43;2;Kurvenfahrt Fahrdynamikflaeche;Fahrdynamikflaeche;Asphalt;Konstantfahrt;50 km/h;W75;Goodyear;8 bar;feucht;keine;PCB - Kein;2
90;44;2;Kurvenfahrt Fahrdynamikflaeche;Fahrdynamikflaeche;Asphalt;Konstantfahrt;50 km/h;W75;Goodyear;8 bar;feucht;keine;PCB - Kein;1
91;44;2;Kurvenfahrt Fahrdynamikflaeche;Fahrdynamikflaeche;Asphalt;Konstantfahrt;50 km/h;W75;Goodyear;8 bar;feucht;keine;PCB - Kein;2
92;45;2;Konstantfahrt Asphalt feucht;Oval;Asphalt;Konstantfahrt;30 km/h;W75;Goodyear;8 bar;feucht;keine;PCB - Kein;1
93;45;2;Konstantfahrt Asphalt feucht;Oval;Asphalt;Konstantfahrt;30 km/h;W75;Goodyear;8 bar;feucht;keine;PCB - Kein;2
94;46;2;Konstantfahrt Asphalt feucht;Oval;Asphalt;Konstantfahrt;50 km/h;W75;Goodyear;8 bar;feucht;keine;PCB - Kein;1
95;46;2;Konstantfahrt Asphalt feucht;Oval;Asphalt;Konstantfahrt;50 km/h;W75;Goodyear;8 bar;feucht;keine;PCB - Kein;2
96;47;2;Konstantfahrt Asphalt feucht;Oval;Asphalt;Konstantfahrt;80 km/h;W75;Goodyear;8 bar;feucht;keine;PCB - Kein;1
97;47;2;Konstantfahrt Asphalt feucht;Oval;Asphalt;Konstantfahrt;80 km/h;W75;Goodyear;8 bar;feucht;keine;PCB - Kein;2
98;48;2;Konstantfahrt Beton feucht;Oval;Beton;Konstantfahrt;30 km/h;W75;Goodyear;8 bar;feucht;keine;PCB - Kein;1
99;48;2;Konstantfahrt Beton feucht;Oval;Beton;Konstantfahrt;30 km/h;W75;Goodyear;8 bar;feucht;keine;PCB - Kein;2
100;49;2;Konstantfahrt Beton feucht;Oval;Beton;Konstantfahrt;50 km/h;W75;Goodyear;8 bar;feucht;keine;PCB - Kein;1
101;49;2;Konstantfahrt Beton feucht;Oval;Beton;Konstantfahrt;50 km/h;W75;Goodyear;8 bar;feucht;keine;PCB - Kein;2
102;50;2;Konstantfahrt Beton feucht;Oval;Beton;Konstantfahrt;80 km/h;W75;Goodyear;8 bar;feucht;keine;PCB - Kein;1
103;50;2;Konstantfahrt Beton feucht;Oval;Beton;Konstantfahrt;80 km/h;W75;Goodyear;8 bar;feucht;keine;PCB - Kein;2
104;51;2;Konstantfahrt Blaubasalt feucht;Oval;Blaubasalt;Konstantfahrt;30 km/h;W75;Goodyear;8 bar;feucht;keine;PCB - Kein;1
105;51;2;Konstantfahrt Blaubasalt feucht;Oval;Blaubasalt;Konstantfahrt;30 km/h;W75;Goodyear;8 bar;feucht;keine;PCB - Kein;2
106;52;2;Konstantfahrt Blaubasalt feucht;Oval;Blaubasalt;Konstantfahrt;50 km/h;W75;Goodyear;8 bar;feucht;keine;PCB - Kein;1
107;52;2;Konstantfahrt Blaubasalt feucht;Oval;Blaubasalt;Konstantfahrt;50 km/h;W75;Goodyear;8 bar;feucht;keine;PCB - Kein;2
108;53;2;Konstantfahrt Blaubasalt feucht;Oval;Blaubasalt;Konstantfahrt;80 km/h;W75;Goodyear;8 bar;feucht;keine;PCB - Kein;1
109;53;2;Konstantfahrt Blaubasalt feucht;Oval;Blaubasalt;Konstantfahrt;80 km/h;W75;Goodyear;8 bar;feucht;keine;PCB - Kein;2
110;54;2;Konstantfahrt Stahl feucht;Oval;Stahlbahn;Konstantfahrt;30 km/h;W75;Goodyear;8 bar;feucht;keine;PCB - Kein;1
111;54;2;Konstantfahrt Stahl feucht;Oval;Stahlbahn;Konstantfahrt;30 km/h;W75;Goodyear;8 bar;feucht;keine;PCB - Kein;2
112;55;2;Konstantfahrt Stahl feucht;Oval;Stahlbahn;Konstantfahrt;50 km/h;W75;Goodyear;8 bar;feucht;keine;PCB - Kein;1
113;55;2;Konstantfahrt Stahl feucht;Oval;Stahlbahn;Konstantfahrt;50 km/h;W75;Goodyear;8 bar;feucht;keine;PCB - Kein;2
114;56;2;Konstantfahrt Stahl feucht;Oval;Stahlbahn;Konstantfahrt;80 km/h;W75;Goodyear;8 bar;feucht;keine;PCB - Kein;1
115;56;2;Konstantfahrt Stahl feucht;Oval;Stahlbahn;Konstantfahrt;80 km/h;W75;Goodyear;8 bar;feucht;keine;PCB - Kein;2
116;57;2;Beschleunigungsfahrt feucht;Oval;Asphalt;Beschleunigung;0 - 80 km/h;W75;Goodyear;8 bar;feucht;keine;PCB - Kein;1
117;57;2;Beschleunigungsfahrt feucht;Oval;Asphalt;Beschleunigung;0 - 80 km/h;W75;Goodyear;8 bar;feucht;keine;PCB - Kein;2
118;58;2;Rollen feucht;Oval;Asphalt;Rollen;80 - X km/h;W75;Goodyear;8 bar;feucht;keine;PCB - Kein;1
119;58;2;Rollen feucht;Oval;Asphalt;Rollen;80 - X km/h;W75;Goodyear;8 bar;feucht;keine;PCB - Kein;2
120;59;2;Motor aus feucht;Oval;Asphalt;Rollen;80 - X km/h;W75;Goodyear;8 bar;feucht;keine;PCB - Kein;1
121;59;2;Motor aus feucht;Oval;Asphalt;Rollen;80 - X km/h;W75;Goodyear;8 bar;feucht;keine;PCB - Kein;2
122;60;2;Teilbremsung Asphalt feucht;Oval;Asphalt;Teillastbremsung;80 - 0 km/h;W75;Goodyear;8 bar;feucht;keine;PCB - Kein;1
123;60;2;Teilbremsung Asphalt feucht;Oval;Asphalt;Teillastbremsung;80 - 0 km/h;W75;Goodyear;8 bar;feucht;keine;PCB - Kein;2
124;61;2;Teilbremsung Blaubasalt feucht;Oval;Blaubasalt;Teillastbremsung;80 - 0 km/h;W75;Goodyear;8 bar;feucht;keine;PCB - Kein;1
125;61;2;Teilbremsung Blaubasalt feucht;Oval;Blaubasalt;Teillastbremsung;80 - 0 km/h;W75;Goodyear;8 bar;feucht;keine;PCB - Kein;2
126;62;2;Teilbremsung Stahl feucht;Oval;Stahlbahn;Teillastbremsung;80 - 0 km/h;W75;Goodyear;8 bar;feucht;keine;PCB - Kein;1
127;62;2;Teilbremsung Stahl feucht;Oval;Stahlbahn;Teillastbremsung;80 - 0 km/h;W75;Goodyear;8 bar;feucht;keine;PCB - Kein;2
128;63;2;Vollbremsung Asphalt feucht;Oval;Asphalt;Vollbremsung;80 - 0 km/h;W75;Goodyear;8 bar;feucht;keine;PCB - Kein;1
129;63;2;Vollbremsung Asphalt feucht;Oval;Asphalt;Vollbremsung;80 - 0 km/h;W75;Goodyear;8 bar;feucht;keine;PCB - Kein;2
130;64;2;Vollbremsung Blaubasalt feucht;Oval;Blaubasalt;Vollbremsung;80 - 0 km/h;W75;Goodyear;8 bar;feucht;keine;PCB - Kein;1
131;64;2;Vollbremsung Blaubasalt feucht;Oval;Blaubasalt;Vollbremsung;80 - 0 km/h;W75;Goodyear;8 bar;feucht;keine;PCB - Kein;2
132;65;2;Vollbremsung Stahl feucht;Oval;Stahlbahn;Vollbremsung;80 - 0 km/h;W75;Goodyear;8 bar;feucht;keine;PCB - Kein;1
133;65;2;Vollbremsung Stahl feucht;Oval;Stahlbahn;Vollbremsung;80 - 0 km/h;W75;Goodyear;8 bar;feucht;keine;PCB - Kein;2
134;66;2;Kurvenfahrt ESC-Kreisel feucht;ESC-Kreisel;Asphalt;Konstantfahrt;30 km/h;W75;Goodyear;8 bar;feucht;keine;PCB - Kein;1
135;66;2;Kurvenfahrt ESC-Kreisel feucht;ESC-Kreisel;Asphalt;Konstantfahrt;30 km/h;W75;Goodyear;8 bar;feucht;keine;PCB - Kein;2
136;67;2;Kurvenfahrt ESC-Kreisel feucht;ESC-Kreisel;Asphalt;Konstantfahrt;50 km/h;W75;Goodyear;8 bar;feucht;keine;PCB - Kein;1
137;67;2;Kurvenfahrt ESC-Kreisel feucht;ESC-Kreisel;Asphalt;Konstantfahrt;50 km/h;W75;Goodyear;8 bar;feucht;keine;PCB - Kein;2
138;68;2;Kurvenfahrt ESC-Kreisel feucht;ESC-Kreisel;Blaubasalt;Konstantfahrt;30 km/h;W75;Goodyear;8 bar;feucht;keine;PCB - Kein;1
139;68;2;Kurvenfahrt ESC-Kreisel feucht;ESC-Kreisel;Blaubasalt;Konstantfahrt;30 km/h;W75;Goodyear;8 bar;feucht;keine;PCB - Kein;2
140;69;2;Kurvenfahrt ESC-Kreisel feucht;ESC-Kreisel;Blaubasalt;Konstantfahrt;50 km/h;W75;Goodyear;8 bar;feucht;keine;PCB - Kein;1
141;69;2;Kurvenfahrt ESC-Kreisel feucht;ESC-Kreisel;Blaubasalt;Konstantfahrt;50 km/h;W75;Goodyear;8 bar;feucht;keine;PCB - Kein;2
142;70;2;Parallelfahrt;Oval;Asphalt;Konstantfahrt;80 km/h;W75;Goodyear;8 bar;feucht;LKW/Sattelzug parallel;PCB - Kein;1
143;70;2;Parallelfahrt;Oval;Asphalt;Konstantfahrt;80 km/h;W75;Goodyear;8 bar;feucht;LKW/Sattelzug parallel;PCB - Kein;2
144;71;2;Ueberholvorgang passiv;Oval;Asphalt;Konstantfahrt;80 km/h;W75;Goodyear;8 bar;feucht;LKW/Sattelzug parallel;PCB - Kein;1
145;71;2;Ueberholvorgang passiv;Oval;Asphalt;Konstantfahrt;80 km/h;W75;Goodyear;8 bar;feucht;LKW/Sattelzug parallel;PCB - Kein;2
146;72;2;Ueberholvorgang aktiv;Oval;Asphalt;Konstantfahrt;80 km/h;W75;Goodyear;8 bar;feucht;LKW/Sattelzug parallel;PCB - Kein;1
147;72;2;Ueberholvorgang aktiv;Oval;Asphalt;Konstantfahrt;80 km/h;W75;Goodyear;8 bar;feucht;LKW/Sattelzug parallel;PCB - Kein;2
148;73;2;Reifendruck hoch;Oval;Asphalt;Konstantfahrt;30 km/h;W75;Goodyear;9 bar;feucht;keine;PCB - Kein;1
149;73;2;Reifendruck hoch;Oval;Asphalt;Konstantfahrt;30 km/h;W75;Goodyear;9 bar;feucht;keine;PCB - Kein;2
150;74;2;Reifendruck hoch;Oval;Asphalt;Konstantfahrt;50 km/h;W75;Goodyear;9 bar;feucht;keine;PCB - Kein;1
151;74;2;Reifendruck hoch;Oval;Asphalt;Konstantfahrt;50 km/h;W75;Goodyear;9 bar;feucht;keine;PCB - Kein;2
152;75;2;Reifendruck hoch;Oval;Asphalt;Konstantfahrt;80 km/h;W75;Goodyear;9 bar;feucht;keine;PCB - Kein;1
153;75;2;Reifendruck hoch;Oval;Asphalt;Konstantfahrt;80 km/h;W75;Goodyear;9 bar;feucht;keine;PCB - Kein;2
154;76;2;Reifendruck niedrig;Oval;Asphalt;Konstantfahrt;30 km/h;W75;Goodyear;6 bar;feucht;keine;PCB - Kein;1
155;76;2;Reifendruck niedrig;Oval;Asphalt;Konstantfahrt;30 km/h;W75;Goodyear;6 bar;feucht;keine;PCB - Kein;2
156;77;2;Reifendruck niedrig;Oval;Asphalt;Konstantfahrt;50 km/h;W75;Goodyear;6 bar;feucht;keine;PCB - Kein;1
157;77;2;Reifendruck niedrig;Oval;Asphalt;Konstantfahrt;50 km/h;W75;Goodyear;6 bar;feucht;keine;PCB - Kein;2
158;78;2;Reifendruck niedrig;Oval;Asphalt;Konstantfahrt;80 km/h;W75;Goodyear;6 bar;feucht;keine;PCB - Kein;1
159;78;2;Reifendruck niedrig;Oval;Asphalt;Konstantfahrt;80 km/h;W75;Goodyear;6 bar;feucht;keine;PCB - Kein;2
160;79;2;Konstantfahrt Asphalt nass;Oval;Asphalt;Konstantfahrt;30 km/h;W75;Goodyear;8 bar;nass;keine;PCB - Kein;1
161;79;2;Konstantfahrt Asphalt nass;Oval;Asphalt;Konstantfahrt;30 km/h;W75;Goodyear;8 bar;nass;keine;PCB - Kein;2
162;80;2;Konstantfahrt Asphalt nass;Oval;Asphalt;Konstantfahrt;50 km/h;W75;Goodyear;8 bar;nass;keine;PCB - Kein;1
163;80;2;Konstantfahrt Asphalt nass;Oval;Asphalt;Konstantfahrt;50 km/h;W75;Goodyear;8 bar;nass;keine;PCB - Kein;2
164;81;2;Konstantfahrt Asphalt nass;Oval;Asphalt;Konstantfahrt;80 km/h;W75;Goodyear;8 bar;nass;keine;PCB - Kein;1
165;81;2;Konstantfahrt Asphalt nass;Oval;Asphalt;Konstantfahrt;80 km/h;W75;Goodyear;8 bar;nass;keine;PCB - Kein;2
166;82;2;Konstantfahrt Beton nass;Oval;Beton;Konstantfahrt;30 km/h;W75;Goodyear;8 bar;nass;keine;PCB - Kein;1
167;82;2;Konstantfahrt Beton nass;Oval;Beton;Konstantfahrt;30 km/h;W75;Goodyear;8 bar;nass;keine;PCB - Kein;2
168;83;2;Konstantfahrt Beton nass;Oval;Beton;Konstantfahrt;50 km/h;W75;Goodyear;8 bar;nass;keine;PCB - Kein;1
169;83;2;Konstantfahrt Beton nass;Oval;Beton;Konstantfahrt;50 km/h;W75;Goodyear;8 bar;nass;keine;PCB - Kein;2
170;84;2;Konstantfahrt Beton nass;Oval;Beton;Konstantfahrt;80 km/h;W75;Goodyear;8 bar;nass;keine;PCB - Kein;1
171;84;2;Konstantfahrt Beton nass;Oval;Beton;Konstantfahrt;80 km/h;W75;Goodyear;8 bar;nass;keine;PCB - Kein;2
172;85;2;Konstantfahrt Blaubasalt nass;Oval;Blaubasalt;Konstantfahrt;30 km/h;W75;Goodyear;8 bar;nass;keine;PCB - Kein;1
173;85;2;Konstantfahrt Blaubasalt nass;Oval;Blaubasalt;Konstantfahrt;30 km/h;W75;Goodyear;8 bar;nass;keine;PCB - Kein;2
174;86;2;Konstantfahrt Blaubasalt nass;Oval;Blaubasalt;Konstantfahrt;50 km/h;W75;Goodyear;8 bar;nass;keine;PCB - Kein;1
175;86;2;Konstantfahrt Blaubasalt nass;Oval;Blaubasalt;Konstantfahrt;50 km/h;W75;Goodyear;8 bar;nass;keine;PCB - Kein;2
176;87;2;Konstantfahrt Blaubasalt nass;Oval;Blaubasalt;Konstantfahrt;80 km/h;W75;Goodyear;8 bar;nass;keine;PCB - Kein;1
177;87;2;Konstantfahrt Blaubasalt nass;Oval;Blaubasalt;Konstantfahrt;80 km/h;W75;Goodyear;8 bar;nass;keine;PCB - Kein;2
178;88;2;Konstantfahrt Stahl nass;Oval;Stahlbahn;Konstantfahrt;30 km/h;W75;Goodyear;8 bar;nass;keine;PCB - Kein;1
179;88;2;Konstantfahrt Stahl nass;Oval;Stahlbahn;Konstantfahrt;30 km/h;W75;Goodyear;8 bar;nass;keine;PCB - Kein;2
180;89;2;Konstantfahrt Stahl nass;Oval;Stahlbahn;Konstantfahrt;40 km/h;W75;Goodyear;8 bar;nass;keine;PCB - Kein;1
181;89;2;Konstantfahrt Stahl nass;Oval;Stahlbahn;Konstantfahrt;40 km/h;W75;Goodyear;8 bar;nass;keine;PCB - Kein;2
182;90;2;Konstantfahrt Stahl nass;Oval;Stahlbahn;Konstantfahrt;80 km/h;W75;Goodyear;8 bar;nass;keine;PCB - Kein;1
183;90;2;Konstantfahrt Stahl nass;Oval;Stahlbahn;Konstantfahrt;80 km/h;W75;Goodyear;8 bar;nass;keine;PCB - Kein;2
184;91;2;Beschleunigungsfahrt nass;Oval;Asphalt;Beschleunigung;0 - 80 km/h;W75;Goodyear;8 bar;nass;keine;PCB - Kein;1
185;91;2;Beschleunigungsfahrt nass;Oval;Asphalt;Beschleunigung;0 - 80 km/h;W75;Goodyear;8 bar;nass;keine;PCB - Kein;2
186;92;2;Rollen nass;Oval;Asphalt;Rollen;80 - X km/h;W75;Goodyear;8 bar;nass;keine;PCB - Kein;1
187;92;2;Rollen nass;Oval;Asphalt;Rollen;80 - X km/h;W75;Goodyear;8 bar;nass;keine;PCB - Kein;2
188;93;2;Motor aus nass;Oval;Asphalt;Rollen;80 - X km/h;W75;Goodyear;8 bar;nass;keine;PCB - Kein;1
189;93;2;Motor aus nass;Oval;Asphalt;Rollen;80 - X km/h;W75;Goodyear;8 bar;nass;keine;PCB - Kein;2
190;94;2;Teilbremsung Asphalt nass;Oval;Asphalt;Teillastbremsung;80 - 0 km/h;W75;Goodyear;8 bar;nass;keine;PCB - Kein;1
191;94;2;Teilbremsung Asphalt nass;Oval;Asphalt;Teillastbremsung;80 - 0 km/h;W75;Goodyear;8 bar;nass;keine;PCB - Kein;2
192;95;2;Teilbremsung Blaubasalt nass;Oval;Blaubasalt;Teillastbremsung;80 - 0 km/h;W75;Goodyear;8 bar;nass;keine;PCB - Kein;1
193;95;2;Teilbremsung Blaubasalt nass;Oval;Blaubasalt;Teillastbremsung;80 - 0 km/h;W75;Goodyear;8 bar;nass;keine;PCB - Kein;2
194;96;2;Teilbremsung Stahl nass;Oval;Stahlbahn;Teillastbremsung;80 - 0 km/h;W75;Goodyear;8 bar;nass;keine;PCB - Kein;1
195;96;2;Teilbremsung Stahl nass;Oval;Stahlbahn;Teillastbremsung;80 - 0 km/h;W75;Goodyear;8 bar;nass;keine;PCB - Kein;2
196;97;2;Vollbremsung Asphalt nass;Oval;Asphalt;Vollbremsung;80 - 0 km/h;W75;Goodyear;8 bar;nass;keine;PCB - Kein;1
197;97;2;Vollbremsung Asphalt nass;Oval;Asphalt;Vollbremsung;80 - 0 km/h;W75;Goodyear;8 bar;nass;keine;PCB - Kein;2
198;98;2;Vollbremsung Blaubasalt nass;Oval;Blaubasalt;Vollbremsung;80 - 0 km/h;W75;Goodyear;8 bar;nass;keine;PCB - Kein;1
199;98;2;Vollbremsung Blaubasalt nass;Oval;Blaubasalt;Vollbremsung;80 - 0 km/h;W75;Goodyear;8 bar;nass;keine;PCB - Kein;2
200;99;2;Vollbremsung Stahl nass;Oval;Stahlbahn;Vollbremsung;40 - 0 km/h;W75;Goodyear;8 bar;nass;keine;PCB - Kein;1
201;99;2;Vollbremsung Stahl nass;Oval;Stahlbahn;Vollbremsung;40 - 0 km/h;W75;Goodyear;8 bar;nass;keine;PCB - Kein;2
202;100;2;Kurvenfahrt ESC-Kreisel nass;ESC-Kreisel;Asphalt;Konstantfahrt;30 km/h;W75;Goodyear;8 bar;nass;keine;PCB - Kein;1
203;100;2;Kurvenfahrt ESC-Kreisel nass;ESC-Kreisel;Asphalt;Konstantfahrt;30 km/h;W75;Goodyear;8 bar;nass;keine;PCB - Kein;2
204;100;2;Kurvenfahrt ESC-Kreisel nass;ESC-Kreisel;Asphalt;Konstantfahrt;30 km/h;W75;Goodyear;8 bar;nass;keine;PCB - Kein;1
205;100;2;Kurvenfahrt ESC-Kreisel nass;ESC-Kreisel;Asphalt;Konstantfahrt;30 km/h;W75;Goodyear;8 bar;nass;keine;PCB - Kein;2
206;101;2;Kurvenfahrt ESC-Kreisel nass;ESC-Kreisel;Asphalt;Konstantfahrt;50 km/h;W75;Goodyear;8 bar;nass;keine;PCB - Kein;1
207;101;2;Kurvenfahrt ESC-Kreisel nass;ESC-Kreisel;Asphalt;Konstantfahrt;50 km/h;W75;Goodyear;8 bar;nass;keine;PCB - Kein;2
208;101;2;Kurvenfahrt ESC-Kreisel nass;ESC-Kreisel;Asphalt;Konstantfahrt;50 km/h;W75;Goodyear;8 bar;nass;keine;PCB - Kein;1
209;101;2;Kurvenfahrt ESC-Kreisel nass;ESC-Kreisel;Asphalt;Konstantfahrt;50 km/h;W75;Goodyear;8 bar;nass;keine;PCB - Kein;2
210;102;2;Kurvenfahrt ESC-Kreisel nass;ESC-Kreisel;Blaubasalt;Konstantfahrt;30 km/h;W75;Goodyear;8 bar;nass;keine;PCB - Kein;1
211;102;2;Kurvenfahrt ESC-Kreisel nass;ESC-Kreisel;Blaubasalt;Konstantfahrt;30 km/h;W75;Goodyear;8 bar;nass;keine;PCB - Kein;2
212;103;2;Kurvenfahrt ESC-Kreisel nass;ESC-Kreisel;Blaubasalt;Konstantfahrt;50 km/h;W75;Goodyear;8 bar;nass;keine;PCB - Kein;1
213;103;2;Kurvenfahrt ESC-Kreisel nass;ESC-Kreisel;Blaubasalt;Konstantfahrt;50 km/h;W75;Goodyear;8 bar;nass;keine;PCB - Kein;2
214;104;2;Parallelfahrt;Oval;Asphalt;Konstantfahrt;80 km/h;W75;Goodyear;8 bar;nass;LKW/Sattelzug parallel;PCB - Kein;1
215;104;2;Parallelfahrt;Oval;Asphalt;Konstantfahrt;80 km/h;W75;Goodyear;8 bar;nass;LKW/Sattelzug parallel;PCB - Kein;2
216;105;2;Ueberholvorgang passiv;Oval;Asphalt;Konstantfahrt;80 km/h;W75;Goodyear;8 bar;nass;LKW/Sattelzug parallel;PCB - Kein;1
217;105;2;Ueberholvorgang passiv;Oval;Asphalt;Konstantfahrt;80 km/h;W75;Goodyear;8 bar;nass;LKW/Sattelzug parallel;PCB - Kein;2
218;106;2;Ueberholvorgang aktiv;Oval;Asphalt;Konstantfahrt;80 km/h;W75;Goodyear;8 bar;nass;LKW/Sattelzug parallel;PCB - Kein;1
219;106;2;Ueberholvorgang aktiv;Oval;Asphalt;Konstantfahrt;80 km/h;W75;Goodyear;8 bar;nass;LKW/Sattelzug parallel;PCB - Kein;2
220;107;2;Reifendruck hoch;Oval;Asphalt;Konstantfahrt;30 km/h;W75;Goodyear;9 bar;nass;keine;PCB - Kein;1
221;107;2;Reifendruck hoch;Oval;Asphalt;Konstantfahrt;30 km/h;W75;Goodyear;9 bar;nass;keine;PCB - Kein;2
222;108;2;Reifendruck hoch;Oval;Asphalt;Konstantfahrt;50 km/h;W75;Goodyear;9 bar;nass;keine;PCB - Kein;1
223;108;2;Reifendruck hoch;Oval;Asphalt;Konstantfahrt;50 km/h;W75;Goodyear;9 bar;nass;keine;PCB - Kein;2
224;109;2;Reifendruck hoch;Oval;Asphalt;Konstantfahrt;80 km/h;W75;Goodyear;9 bar;nass;keine;PCB - Kein;1
225;109;2;Reifendruck hoch;Oval;Asphalt;Konstantfahrt;80 km/h;W75;Goodyear;9 bar;nass;keine;PCB - Kein;2
226;110;2;Reifendruck niedrig;Oval;Asphalt;Konstantfahrt;30 km/h;W75;Goodyear;6 bar;nass;keine;PCB - Kein;1
227;110;2;Reifendruck niedrig;Oval;Asphalt;Konstantfahrt;30 km/h;W75;Goodyear;6 bar;nass;keine;PCB - Kein;2
228;111;2;Reifendruck niedrig;Oval;Asphalt;Konstantfahrt;50 km/h;W75;Goodyear;6 bar;nass;keine;PCB - Kein;1
229;111;2;Reifendruck niedrig;Oval;Asphalt;Konstantfahrt;50 km/h;W75;Goodyear;6 bar;nass;keine;PCB - Kein;2
230;112;2;Reifendruck niedrig;Oval;Asphalt;Konstantfahrt;80 km/h;W75;Goodyear;6 bar;nass;keine;PCB - Kein;1
231;112;2;Reifendruck niedrig;Oval;Asphalt;Konstantfahrt;80 km/h;W75;Goodyear;6 bar;nass;keine;PCB - Kein;2
232;113;2;Schlechtwegestrecke;Oval;Schlechtwegestrecke;Konstantfahrt;20 km/h;W75;Goodyear;8 bar;nass;keine;PCB - Kein;1
233;113;2;Schlechtwegestrecke;Oval;Schlechtwegestrecke;Konstantfahrt;20 km/h;W75;Goodyear;8 bar;nass;keine;PCB - Kein;2
234;114;2;Teilbremsung Blaubasalt nass;Oval;Blaubasalt;Teillastbremsung;80 - 0 km/h;W75;Goodyear;8 bar;nass;keine;PCB - Kein;1
235;114;2;Teilbremsung Blaubasalt nass;Oval;Blaubasalt;Teillastbremsung;80 - 0 km/h;W75;Goodyear;8 bar;nass;keine;PCB - Kein;2
236;115;1;Teilbremsung Beton nass;Oval;Beton;Teillastbremsung;80 - 0 km/h;W75;Goodyear;8 bar;nass;keine;PCB - Kein;1
237;115;1;Teilbremsung Beton nass;Oval;Beton;Teillastbremsung;80 - 0 km/h;W75;Goodyear;8 bar;nass;keine;PCB - Kein;2
238;116;2;Vollbremsung Beton nass;Oval;Beton;Vollbremsung;80 - 0 km/h;W75;Goodyear;8 bar;nass;keine;PCB - Kein;1
239;116;2;Vollbremsung Beton nass;Oval;Beton;Vollbremsung;80 - 0 km/h;W75;Goodyear;8 bar;nass;keine;PCB - Kein;2
240;117;1;Parallelfahrt;Oval;Asphalt;Konstantfahrt;50 km/h;W75;Goodyear;8 bar;trocken;LKW/Sattelzug parallel;PCB - Kein;1
241;117;1;Parallelfahrt;Oval;Asphalt;Konstantfahrt;50 km/h;W75;Goodyear;8 bar;trocken;LKW/Sattelzug parallel;PCB - Kein;2
242;118;2;Kurvenfahrt Fahrdynamikflaeche;Fahrdynamikflaeche;Asphalt;Konstantfahrt;50 km/h;W75;Goodyear;8 bar;nass;keine;PCB - Kein;1
243;118;2;Kurvenfahrt Fahrdynamikflaeche;Fahrdynamikflaeche;Asphalt;Konstantfahrt;50 km/h;W75;Goodyear;8 bar;nass;keine;PCB - Kein;2
244;119;2;Freie Fahrt Fahrdynamikflaeche;Fahrdynamikflaeche;Asphalt;Konstantfahrt;x km/h;W75;Goodyear;8 bar;nass;keine;PCB - Kein;1
245;119;2;Freie Fahrt Fahrdynamikflaeche;Fahrdynamikflaeche;Asphalt;Konstantfahrt;x km/h;W75;Goodyear;8 bar;nass;keine;PCB - Kein;2
246;120;2;Konstantfahrt Asphalt nass;Oval;Asphalt;Konstantfahrt;30 km/h;W75;Michelin;8 bar;nass;keine;PCB - Kein;1
247;120;2;Konstantfahrt Asphalt nass;Oval;Asphalt;Konstantfahrt;30 km/h;W75;Michelin;8 bar;nass;keine;PCB - Kein;2
248;121;2;Konstantfahrt Asphalt nass;Oval;Asphalt;Konstantfahrt;50 km/h;W75;Michelin;8 bar;nass;keine;PCB - Kein;1
249;121;2;Konstantfahrt Asphalt nass;Oval;Asphalt;Konstantfahrt;50 km/h;W75;Michelin;8 bar;nass;keine;PCB - Kein;2
250;122;2;Konstantfahrt Asphalt nass;Oval;Asphalt;Konstantfahrt;80 km/h;W75;Michelin;8 bar;nass;keine;PCB - Kein;1
251;122;2;Konstantfahrt Asphalt nass;Oval;Asphalt;Konstantfahrt;80 km/h;W75;Michelin;8 bar;nass;keine;PCB - Kein;2
252;123;2;Konstantfahrt Beton nass;Oval;Beton;Konstantfahrt;30 km/h;W75;Michelin;8 bar;nass;keine;PCB - Kein;1
253;123;2;Konstantfahrt Beton nass;Oval;Beton;Konstantfahrt;30 km/h;W75;Michelin;8 bar;nass;keine;PCB - Kein;2
254;124;2;Konstantfahrt Beton nass;Oval;Beton;Konstantfahrt;50 km/h;W75;Michelin;8 bar;nass;keine;PCB - Kein;1
255;124;2;Konstantfahrt Beton nass;Oval;Beton;Konstantfahrt;50 km/h;W75;Michelin;8 bar;nass;keine;PCB - Kein;2
256;125;2;Konstantfahrt Beton nass;Oval;Beton;Konstantfahrt;80 km/h;W75;Michelin;8 bar;nass;keine;PCB - Kein;1
257;125;2;Konstantfahrt Beton nass;Oval;Beton;Konstantfahrt;80 km/h;W75;Michelin;8 bar;nass;keine;PCB - Kein;2
258;126;2;Konstantfahrt Blaubasalt nass;Oval;Blaubasalt;Konstantfahrt;30 km/h;W75;Michelin;8 bar;nass;keine;PCB - Kein;1
259;126;2;Konstantfahrt Blaubasalt nass;Oval;Blaubasalt;Konstantfahrt;30 km/h;W75;Michelin;8 bar;nass;keine;PCB - Kein;2
260;127;2;Konstantfahrt Blaubasalt nass;Oval;Blaubasalt;Konstantfahrt;50 km/h;W75;Michelin;8 bar;nass;keine;PCB - Kein;1
261;127;2;Konstantfahrt Blaubasalt nass;Oval;Blaubasalt;Konstantfahrt;50 km/h;W75;Michelin;8 bar;nass;keine;PCB - Kein;2
262;128;2;Konstantfahrt Blaubasalt nass;Oval;Blaubasalt;Konstantfahrt;80 km/h;W75;Michelin;8 bar;nass;keine;PCB - Kein;1
263;128;2;Konstantfahrt Blaubasalt nass;Oval;Blaubasalt;Konstantfahrt;80 km/h;W75;Michelin;8 bar;nass;keine;PCB - Kein;2
264;129;2;Konstantfahrt Stahl nass;Oval;Stahlbahn;Konstantfahrt;30 km/h;W75;Michelin;8 bar;nass;keine;PCB - Kein;1
265;129;2;Konstantfahrt Stahl nass;Oval;Stahlbahn;Konstantfahrt;30 km/h;W75;Michelin;8 bar;nass;keine;PCB - Kein;2
266;130;2;Konstantfahrt Stahl nass;Oval;Stahlbahn;Konstantfahrt;40 km/h;W75;Michelin;8 bar;nass;keine;PCB - Kein;1
267;130;2;Konstantfahrt Stahl nass;Oval;Stahlbahn;Konstantfahrt;40 km/h;W75;Michelin;8 bar;nass;keine;PCB - Kein;2
268;131;2;Beschleunigungsfahrt nass;Oval;Asphalt;Beschleunigung;0 - 80 km/h;W75;Michelin;8 bar;nass;keine;PCB - Kein;1
269;131;2;Beschleunigungsfahrt nass;Oval;Asphalt;Beschleunigung;0 - 80 km/h;W75;Michelin;8 bar;nass;keine;PCB - Kein;2
270;132;2;Rollen Getriebeschalter neutral nass;Oval;Asphalt;Rollen;80 - X km/h;W75;Michelin;8 bar;nass;keine;PCB - Kein;1
271;132;2;Rollen Getriebeschalter neutral nass;Oval;Asphalt;Rollen;80 - X km/h;W75;Michelin;8 bar;nass;keine;PCB - Kein;2
272;133;2;Rolen Motor aus nass;Oval;Asphalt;Rollen;80 - X km/h;W75;Michelin;8 bar;nass;keine;PCB - Kein;1
273;133;2;Rolen Motor aus nass;Oval;Asphalt;Rollen;80 - X km/h;W75;Michelin;8 bar;nass;keine;PCB - Kein;2
274;134;2;Teilbremsung Asphalt nass;Oval;Asphalt;Teillastbremsung;80 - 0 km/h;W75;Michelin;8 bar;nass;keine;PCB - Kein;1
275;134;2;Teilbremsung Asphalt nass;Oval;Asphalt;Teillastbremsung;80 - 0 km/h;W75;Michelin;8 bar;nass;keine;PCB - Kein;2
276;135;2;Teilbremsung Blaubasalt nass;Oval;Blaubasalt;Teillastbremsung;80 - 0 km/h;W75;Michelin;8 bar;nass;keine;PCB - Kein;1
277;135;2;Teilbremsung Blaubasalt nass;Oval;Blaubasalt;Teillastbremsung;80 - 0 km/h;W75;Michelin;8 bar;nass;keine;PCB - Kein;2
278;136;2;Vollbremsung Asphalt nass;Oval;Asphalt;Vollbremsung;80 - 0 km/h;W75;Michelin;8 bar;nass;keine;PCB - Kein;1
279;136;2;Vollbremsung Asphalt nass;Oval;Asphalt;Vollbremsung;80 - 0 km/h;W75;Michelin;8 bar;nass;keine;PCB - Kein;2
280;137;2;Vollbremsung Blaubasalt nass;Oval;Blaubasalt;Vollbremsung;80 - 0 km/h;W75;Michelin;8 bar;nass;keine;PCB - Kein;1
281;137;2;Vollbremsung Blaubasalt nass;Oval;Blaubasalt;Vollbremsung;80 - 0 km/h;W75;Michelin;8 bar;nass;keine;PCB - Kein;2
282;138;2;Teilbremsung Beton nass;Oval;Beton;Teillastbremsung;80 - 0 km/h;W75;Michelin;8 bar;nass;keine;PCB - Kein;1
283;138;2;Teilbremsung Beton nass;Oval;Beton;Teillastbremsung;80 - 0 km/h;W75;Michelin;8 bar;nass;keine;PCB - Kein;2
284;139;2;Vollbremsung Beton nass;Oval;Beton;Vollbremsung;80 - 0 km/h;W75;Michelin;8 bar;nass;keine;PCB - Kein;1
285;139;2;Vollbremsung Beton nass;Oval;Beton;Vollbremsung;80 - 0 km/h;W75;Michelin;8 bar;nass;keine;PCB - Kein;2
286;140;2;Vollbremsung Stahl nass;Oval;Stahlbahn;Vollbremsung;40 - 0 km/h;W75;Michelin;8 bar;nass;keine;PCB - Kein;1
287;140;2;Vollbremsung Stahl nass;Oval;Stahlbahn;Vollbremsung;40 - 0 km/h;W75;Michelin;8 bar;nass;keine;PCB - Kein;2
288;141;2;Kurvenfahrt ESC-Kreisel nass;ESC-Kreisel;Asphalt;Konstantfahrt;30 km/h;W75;Michelin;8 bar;nass;keine;PCB - Kein;1
289;141;2;Kurvenfahrt ESC-Kreisel nass;ESC-Kreisel;Asphalt;Konstantfahrt;30 km/h;W75;Michelin;8 bar;nass;keine;PCB - Kein;2
290;142;2;Kurvenfahrt ESC-Kreisel nass;ESC-Kreisel;Asphalt;Konstantfahrt;50 km/h;W75;Michelin;8 bar;nass;keine;PCB - Kein;1
291;142;2;Kurvenfahrt ESC-Kreisel nass;ESC-Kreisel;Asphalt;Konstantfahrt;50 km/h;W75;Michelin;8 bar;nass;keine;PCB - Kein;2
292;143;2;Kurvenfahrt ESC-Kreisel nass;ESC-Kreisel;Blaubasalt;Konstantfahrt;30 km/h;W75;Michelin;8 bar;nass;keine;PCB - Kein;1
293;143;2;Kurvenfahrt ESC-Kreisel nass;ESC-Kreisel;Blaubasalt;Konstantfahrt;30 km/h;W75;Michelin;8 bar;nass;keine;PCB - Kein;2
294;144;2;Kurvenfahrt ESC-Kreisel nass;ESC-Kreisel;Blaubasalt;Konstantfahrt;50 km/h;W75;Michelin;8 bar;nass;keine;PCB - Kein;1
295;144;2;Kurvenfahrt ESC-Kreisel nass;ESC-Kreisel;Blaubasalt;Konstantfahrt;50 km/h;W75;Michelin;8 bar;nass;keine;PCB - Kein;2
296;145;2;Freie Fahrt Fahrdynamikflaeche;Fahrdynamikflaeche;Asphalt;Konstantfahrt;x km/h;W75;Michelin;8 bar;nass;keine;PCB - Kein;1
297;145;2;Freie Fahrt Fahrdynamikflaeche;Fahrdynamikflaeche;Asphalt;Konstantfahrt;x km/h;W75;Michelin;8 bar;nass;keine;PCB - Kein;2
298;146;2;Kurvenfahrt Fahrdynamikflaeche;Fahrdynamikflaeche;Asphalt;Konstantfahrt;50 km/h;W75;XYZ;8 bar;nass;keine;PCB - Kein;1
299;146;2;Kurvenfahrt Fahrdynamikflaeche;Fahrdynamikflaeche;Asphalt;Konstantfahrt;50 km/h;W75;XYZ;8 bar;nass;keine;PCB - Kein;2
300;147;2;Kurvenfahrt Fahrdynamikflaeche;Fahrdynamikflaeche;Asphalt;Konstantfahrt;50 km/h;W75;XYZ;8 bar;nass;keine;PCB - Kein;1
301;147;2;Kurvenfahrt Fahrdynamikflaeche;Fahrdynamikflaeche;Asphalt;Konstantfahrt;50 km/h;W75;XYZ;8 bar;nass;keine;PCB - Kein;2
302;148;2;Kurvenfahrt Fahrdynamikflaeche;Fahrdynamikflaeche;Asphalt;Konstantfahrt;40 km/h;W75;XYZ;8 bar;nass;keine;PCB - Kein;1
303;148;2;Kurvenfahrt Fahrdynamikflaeche;Fahrdynamikflaeche;Asphalt;Konstantfahrt;40 km/h;W75;XYZ;8 bar;nass;keine;PCB - Kein;2
304;149;2;Kurvenfahrt Fahrdynamikflaeche;Fahrdynamikflaeche;Asphalt;Konstantfahrt;30 km/h;W75;XYZ;8 bar;nass;keine;PCB - Kein;1
305;149;2;Kurvenfahrt Fahrdynamikflaeche;Fahrdynamikflaeche;Asphalt;Konstantfahrt;30 km/h;W75;XYZ;8 bar;nass;keine;PCB - Kein;2
306;150;2;Freie Fahrt mit Fremdkoerper im Reifen;Fahrdynamikflaeche;Asphalt;Konstantfahrt;x km/h;W75;Michelin;8 bar;nass;keine;PCB - Kein;1
307;150;2;Freie Fahrt mit Fremdkoerper im Reifen;Fahrdynamikflaeche;Asphalt;Konstantfahrt;x km/h;W75;Michelin;8 bar;nass;keine;PCB - Kein;2
308;150;2;Freie Fahrt mit Fremdkoerper im Reifen;Fahrdynamikflaeche;Asphalt;Konstantfahrt;x km/h;W75;Michelin;8 bar;nass;keine;PCB - Kein;1
309;150;2;Freie Fahrt mit Fremdkoerper im Reifen;Fahrdynamikflaeche;Asphalt;Konstantfahrt;x km/h;W75;Michelin;8 bar;nass;keine;PCB - Kein;2
310;151;2;Reifendruck hoch;Oval;Asphalt;Konstantfahrt;30 km/h;W75;Michelin;9 bar;nass;keine;PCB - Kein;1
311;151;2;Reifendruck hoch;Oval;Asphalt;Konstantfahrt;30 km/h;W75;Michelin;9 bar;nass;keine;PCB - Kein;2
312;152;2;Reifendruck hoch;Oval;Asphalt;Konstantfahrt;50 km/h;W75;Michelin;9 bar;nass;keine;PCB - Kein;1
313;152;2;Reifendruck hoch;Oval;Asphalt;Konstantfahrt;50 km/h;W75;Michelin;9 bar;nass;keine;PCB - Kein;2
314;153;2;Reifendruck hoch;Oval;Asphalt;Konstantfahrt;80 km/h;W75;Michelin;9 bar;nass;keine;PCB - Kein;1
315;153;2;Reifendruck hoch;Oval;Asphalt;Konstantfahrt;80 km/h;W75;Michelin;9 bar;nass;keine;PCB - Kein;2
316;154;2;Reifendruck niedrig;Oval;Asphalt;Konstantfahrt;30 km/h;W75;Michelin;6 bar;nass;keine;PCB - Kein;1
317;154;2;Reifendruck niedrig;Oval;Asphalt;Konstantfahrt;30 km/h;W75;Michelin;6 bar;nass;keine;PCB - Kein;2
318;155;2;Reifendruck niedrig;Oval;Asphalt;Konstantfahrt;50 km/h;W75;Michelin;6 bar;nass;keine;PCB - Kein;1
319;155;2;Reifendruck niedrig;Oval;Asphalt;Konstantfahrt;50 km/h;W75;Michelin;6 bar;nass;keine;PCB - Kein;2
320;156;2;Reifendruck niedrig;Oval;Asphalt;Konstantfahrt;80 km/h;W75;Michelin;6 bar;nass;keine;PCB - Kein;1
321;156;2;Reifendruck niedrig;Oval;Asphalt;Konstantfahrt;80 km/h;W75;Michelin;6 bar;nass;keine;PCB - Kein;2
322;157;3;Stillstand Motor aus;Oval;Asphalt;Stillstand;0 km/h;W75;Goodyear;8 bar;trocken;keine;PCB - Puschel;1
323;157;3;Stillstand Motor aus;Oval;Asphalt;Stillstand;0 km/h;W75;Goodyear;8 bar;trocken;keine;PCB - Puschel;2
324;158;3;Stillstand Leerlauf;Oval;Asphalt;Stillstand;0 km/h;W75;Goodyear;8 bar;trocken;keine;PCB - Puschel;1
325;158;3;Stillstand Leerlauf;Oval;Asphalt;Stillstand;0 km/h;W75;Goodyear;8 bar;trocken;keine;PCB - Puschel;2
326;159;3;Stillstand Drehzahlerhoehung;Oval;Asphalt;Stillstand;0 km/h;W75;Goodyear;8 bar;trocken;CAN aus;PCB - Puschel;1
327;159;3;Stillstand Drehzahlerhoehung;Oval;Asphalt;Stillstand;0 km/h;W75;Goodyear;8 bar;trocken;CAN aus;PCB - Puschel;2
328;160;3;Konstantfahrt Asphalt trocken;Oval;Asphalt;Konstantfahrt;30 km/h;W75;Goodyear;8 bar;trocken;keine;PCB - Puschel;1
329;160;3;Konstantfahrt Asphalt trocken;Oval;Asphalt;Konstantfahrt;30 km/h;W75;Goodyear;8 bar;trocken;keine;PCB - Puschel;2
330;161;3;Konstantfahrt Asphalt trocken;Oval;Asphalt;Konstantfahrt;50 km/h;W75;Goodyear;8 bar;trocken;keine;PCB - Puschel;1
331;161;3;Konstantfahrt Asphalt trocken;Oval;Asphalt;Konstantfahrt;50 km/h;W75;Goodyear;8 bar;trocken;keine;PCB - Puschel;2
332;162;3;Konstantfahrt Asphalt trocken;Oval;Asphalt;Konstantfahrt;80 km/h;W75;Goodyear;8 bar;trocken;keine;PCB - Puschel;1
333;162;3;Konstantfahrt Asphalt trocken;Oval;Asphalt;Konstantfahrt;80 km/h;W75;Goodyear;8 bar;trocken;keine;PCB - Puschel;2
334;163;3;Konstantfahrt Beton trocken;Oval;Beton;Konstantfahrt;30 km/h;W75;Goodyear;8 bar;trocken;keine;PCB - Puschel;1
335;163;3;Konstantfahrt Beton trocken;Oval;Beton;Konstantfahrt;30 km/h;W75;Goodyear;8 bar;trocken;keine;PCB - Puschel;2
336;164;3;Konstantfahrt Beton trocken;Oval;Beton;Konstantfahrt;50 km/h;W75;Goodyear;8 bar;trocken;keine;PCB - Puschel;1
337;164;3;Konstantfahrt Beton trocken;Oval;Beton;Konstantfahrt;50 km/h;W75;Goodyear;8 bar;trocken;keine;PCB - Puschel;2
338;165;3;Konstantfahrt Beton trocken;Oval;Beton;Konstantfahrt;80 km/h;W75;Goodyear;8 bar;trocken;keine;PCB - Puschel;1
339;165;3;Konstantfahrt Beton trocken;Oval;Beton;Konstantfahrt;80 km/h;W75;Goodyear;8 bar;trocken;keine;PCB - Puschel;2
340;166;3;Konstantfahrt Blaubasalt trocken;Oval;Blaubasalt;Konstantfahrt;30 km/h;W75;Goodyear;8 bar;trocken;keine;PCB - Puschel;1
341;166;3;Konstantfahrt Blaubasalt trocken;Oval;Blaubasalt;Konstantfahrt;30 km/h;W75;Goodyear;8 bar;trocken;keine;PCB - Puschel;2
342;167;3;Konstantfahrt Blaubasalt trocken;Oval;Blaubasalt;Konstantfahrt;50 km/h;W75;Goodyear;8 bar;trocken;keine;PCB - Puschel;1
343;167;3;Konstantfahrt Blaubasalt trocken;Oval;Blaubasalt;Konstantfahrt;50 km/h;W75;Goodyear;8 bar;trocken;keine;PCB - Puschel;2
344;168;3;Konstantfahrt Blaubasalt trocken;Oval;Blaubasalt;Konstantfahrt;80 km/h;W75;Goodyear;8 bar;trocken;keine;PCB - Puschel;1
345;168;3;Konstantfahrt Blaubasalt trocken;Oval;Blaubasalt;Konstantfahrt;80 km/h;W75;Goodyear;8 bar;trocken;keine;PCB - Puschel;2
346;169;3;Konstantfahrt Stahl trocken;Oval;Stahlbahn;Konstantfahrt;30 km/h;W75;Goodyear;8 bar;trocken;keine;PCB - Puschel;1
347;169;3;Konstantfahrt Stahl trocken;Oval;Stahlbahn;Konstantfahrt;30 km/h;W75;Goodyear;8 bar;trocken;keine;PCB - Puschel;2
348;170;3;Konstantfahrt Stahl trocken;Oval;Stahlbahn;Konstantfahrt;40 km/h;W75;Goodyear;8 bar;trocken;keine;PCB - Puschel;1
349;170;3;Konstantfahrt Stahl trocken;Oval;Stahlbahn;Konstantfahrt;40 km/h;W75;Goodyear;8 bar;trocken;keine;PCB - Puschel;2
350;171;3;Konstantfahrt Stahl trocken;Oval;Stahlbahn;Konstantfahrt;80 km/h;W75;Goodyear;8 bar;trocken;keine;PCB - Puschel;1
351;171;3;Konstantfahrt Stahl trocken;Oval;Stahlbahn;Konstantfahrt;80 km/h;W75;Goodyear;8 bar;trocken;keine;PCB - Puschel;2
352;172;3;Beschleunigungsfahrt trocken;Oval;Asphalt;Beschleunigung;0 - 80 km/h;W75;Goodyear;8 bar;trocken;keine;PCB - Puschel;1
353;172;3;Beschleunigungsfahrt trocken;Oval;Asphalt;Beschleunigung;0 - 80 km/h;W75;Goodyear;8 bar;trocken;keine;PCB - Puschel;2
354;173;3;Rollen trocken;Oval;Asphalt;Rollen;80 - X km/h;W75;Goodyear;8 bar;trocken;keine;PCB - Puschel;1
355;173;3;Rollen trocken;Oval;Asphalt;Rollen;80 - X km/h;W75;Goodyear;8 bar;trocken;keine;PCB - Puschel;2
356;174;3;Motor aus trocken;Oval;Asphalt;Rollen;80 - X km/h;W75;Goodyear;8 bar;trocken;keine;PCB - Puschel;1
357;174;3;Motor aus trocken;Oval;Asphalt;Rollen;80 - X km/h;W75;Goodyear;8 bar;trocken;keine;PCB - Puschel;2
358;175;3;Teilbremsung Asphalt trocken;Oval;Asphalt;Teillastbremsung;80 - 0 km/h;W75;Goodyear;8 bar;trocken;keine;PCB - Puschel;1
359;175;3;Teilbremsung Asphalt trocken;Oval;Asphalt;Teillastbremsung;80 - 0 km/h;W75;Goodyear;8 bar;trocken;keine;PCB - Puschel;2
360;176;3;Teilbremsung Blaubasalt trocken;Oval;Blaubasalt;Teillastbremsung;80 - 0 km/h;W75;Goodyear;8 bar;trocken;keine;PCB - Puschel;1
361;176;3;Teilbremsung Blaubasalt trocken;Oval;Blaubasalt;Teillastbremsung;80 - 0 km/h;W75;Goodyear;8 bar;trocken;keine;PCB - Puschel;2
362;177;3;Teilbremsung Stahl trocken;Oval;Stahlbahn;Teillastbremsung;80 - 0 km/h;W75;Goodyear;8 bar;trocken;keine;PCB - Puschel;1
363;177;3;Teilbremsung Stahl trocken;Oval;Stahlbahn;Teillastbremsung;80 - 0 km/h;W75;Goodyear;8 bar;trocken;keine;PCB - Puschel;2
364;178;3;Vollbremsung Asphalt trocken;Oval;Asphalt;Vollbremsung;80 - 0 km/h;W75;Goodyear;8 bar;trocken;keine;PCB - Puschel;1
365;178;3;Vollbremsung Asphalt trocken;Oval;Asphalt;Vollbremsung;80 - 0 km/h;W75;Goodyear;8 bar;trocken;keine;PCB - Puschel;2
366;179;3;Vollbremsung Blaubasalt trocken;Oval;Blaubasalt;Vollbremsung;50 - 0 km/h;W75;Goodyear;8 bar;trocken;keine;PCB - Puschel;1
367;179;3;Vollbremsung Blaubasalt trocken;Oval;Blaubasalt;Vollbremsung;50 - 0 km/h;W75;Goodyear;8 bar;trocken;keine;PCB - Puschel;2
368;180;3;Kurvenfahrt ESC-Kreisel trocken;ESC-Kreisel;Asphalt;Konstantfahrt;30 km/h;W75;Goodyear;8 bar;trocken;keine;PCB - Puschel;1
369;180;3;Kurvenfahrt ESC-Kreisel trocken;ESC-Kreisel;Asphalt;Konstantfahrt;30 km/h;W75;Goodyear;8 bar;trocken;keine;PCB - Puschel;2
370;181;3;Kurvenfahrt ESC-Kreisel trocken;ESC-Kreisel;Asphalt;Konstantfahrt;50 km/h;W75;Goodyear;8 bar;trocken;keine;PCB - Puschel;1
371;181;3;Kurvenfahrt ESC-Kreisel trocken;ESC-Kreisel;Asphalt;Konstantfahrt;50 km/h;W75;Goodyear;8 bar;trocken;keine;PCB - Puschel;2
372;182;3;Kurvenfahrt ESC-Kreisel trocken;ESC-Kreisel;Blaubasalt;Konstantfahrt;30 km/h;W75;Goodyear;8 bar;trocken;keine;PCB - Puschel;1
373;182;3;Kurvenfahrt ESC-Kreisel trocken;ESC-Kreisel;Blaubasalt;Konstantfahrt;30 km/h;W75;Goodyear;8 bar;trocken;keine;PCB - Puschel;2
374;183;3;Kurvenfahrt ESC-Kreisel trocken;ESC-Kreisel;Blaubasalt;Konstantfahrt;50 km/h;W75;Goodyear;8 bar;trocken;keine;PCB - Puschel;1
375;183;3;Kurvenfahrt ESC-Kreisel trocken;ESC-Kreisel;Blaubasalt;Konstantfahrt;50 km/h;W75;Goodyear;8 bar;trocken;keine;PCB - Puschel;2
376;184;3;Kurvenfahrt Fahrdynamikflaeche;Fahrdynamikflaeche;Asphalt;Konstantfahrt;50 km/h;W75;Goodyear;8 bar;trocken;keine;PCB - Puschel;1
377;184;3;Kurvenfahrt Fahrdynamikflaeche;Fahrdynamikflaeche;Asphalt;Konstantfahrt;50 km/h;W75;Goodyear;8 bar;trocken;keine;PCB - Puschel;2
378;185;3;Kurvenfahrt Fahrdynamikflaeche;Fahrdynamikflaeche;Asphalt;Konstantfahrt;50 km/h;W75;Goodyear;8 bar;trocken;keine;PCB - Puschel;1
379;185;3;Kurvenfahrt Fahrdynamikflaeche;Fahrdynamikflaeche;Asphalt;Konstantfahrt;50 km/h;W75;Goodyear;8 bar;trocken;keine;PCB - Puschel;2
380;186;3;Kurvenfahrt Fahrdynamikflaeche;Fahrdynamikflaeche;Asphalt;Konstantfahrt;40 km/h;W75;Goodyear;8 bar;trocken;keine;PCB - Puschel;1
381;186;3;Kurvenfahrt Fahrdynamikflaeche;Fahrdynamikflaeche;Asphalt;Konstantfahrt;40 km/h;W75;Goodyear;8 bar;trocken;keine;PCB - Puschel;2
382;187;3;Kurvenfahrt Fahrdynamikflaeche;Fahrdynamikflaeche;Asphalt;Konstantfahrt;30 km/h;W75;Goodyear;8 bar;trocken;keine;PCB - Puschel;1
383;187;3;Kurvenfahrt Fahrdynamikflaeche;Fahrdynamikflaeche;Asphalt;Konstantfahrt;30 km/h;W75;Goodyear;8 bar;trocken;keine;PCB - Puschel;2
384;188;3;Stillstand Motor aus;Oval;Asphalt;Stillstand;0 km/h;W75;Goodyear;8 bar;trocken;keine;PCB - Kondom;1
385;188;3;Stillstand Motor aus;Oval;Asphalt;Stillstand;0 km/h;W75;Goodyear;8 bar;trocken;keine;PCB - Kondom;2
386;189;3;Stillstand Leerlauf;Oval;Asphalt;Stillstand;0 km/h;W75;Goodyear;8 bar;trocken;keine;PCB - Kondom;1
387;189;3;Stillstand Leerlauf;Oval;Asphalt;Stillstand;0 km/h;W75;Goodyear;8 bar;trocken;keine;PCB - Kondom;2
388;190;3;Stillstand Drehzahlerhoehung;Oval;Asphalt;Stillstand;0 km/h;W75;Goodyear;8 bar;trocken;keine;PCB - Kondom;1
389;190;3;Stillstand Drehzahlerhoehung;Oval;Asphalt;Stillstand;0 km/h;W75;Goodyear;8 bar;trocken;keine;PCB - Kondom;2
390;191;3;Konstantfahrt Asphalt trocken;Oval;Asphalt;Konstantfahrt;30 km/h;W75;Goodyear;8 bar;trocken;keine;PCB - Kondom;1
391;191;3;Konstantfahrt Asphalt trocken;Oval;Asphalt;Konstantfahrt;30 km/h;W75;Goodyear;8 bar;trocken;keine;PCB - Kondom;2
392;192;3;Konstantfahrt Asphalt trocken;Oval;Asphalt;Konstantfahrt;50 km/h;W75;Goodyear;8 bar;trocken;keine;PCB - Kondom;1
393;192;3;Konstantfahrt Asphalt trocken;Oval;Asphalt;Konstantfahrt;50 km/h;W75;Goodyear;8 bar;trocken;keine;PCB - Kondom;2
394;193;3;Konstantfahrt Asphalt trocken;Oval;Asphalt;Konstantfahrt;80 km/h;W75;Goodyear;8 bar;trocken;keine;PCB - Kondom;1
395;193;3;Konstantfahrt Asphalt trocken;Oval;Asphalt;Konstantfahrt;80 km/h;W75;Goodyear;8 bar;trocken;keine;PCB - Kondom;2
396;194;3;Konstantfahrt Beton trocken;Oval;Beton;Konstantfahrt;30 km/h;W75;Goodyear;8 bar;trocken;keine;PCB - Kondom;1
397;194;3;Konstantfahrt Beton trocken;Oval;Beton;Konstantfahrt;30 km/h;W75;Goodyear;8 bar;trocken;keine;PCB - Kondom;2
398;195;3;Konstantfahrt Beton trocken;Oval;Beton;Konstantfahrt;50 km/h;W75;Goodyear;8 bar;trocken;keine;PCB - Kondom;1
399;195;3;Konstantfahrt Beton trocken;Oval;Beton;Konstantfahrt;50 km/h;W75;Goodyear;8 bar;trocken;keine;PCB - Kondom;2
400;196;3;Konstantfahrt Beton trocken;Oval;Beton;Konstantfahrt;80 km/h;W75;Goodyear;8 bar;trocken;keine;PCB - Kondom;1
401;196;3;Konstantfahrt Beton trocken;Oval;Beton;Konstantfahrt;80 km/h;W75;Goodyear;8 bar;trocken;keine;PCB - Kondom;2
402;197;3;Konstantfahrt Blaubasalt trocken;Oval;Blaubasalt;Konstantfahrt;30 km/h;W75;Goodyear;8 bar;trocken;keine;PCB - Kondom;1
403;197;3;Konstantfahrt Blaubasalt trocken;Oval;Blaubasalt;Konstantfahrt;30 km/h;W75;Goodyear;8 bar;trocken;keine;PCB - Kondom;2
404;198;3;Konstantfahrt Blaubasalt trocken;Oval;Blaubasalt;Konstantfahrt;50 km/h;W75;Goodyear;8 bar;trocken;keine;PCB - Kondom;1
405;198;3;Konstantfahrt Blaubasalt trocken;Oval;Blaubasalt;Konstantfahrt;50 km/h;W75;Goodyear;8 bar;trocken;keine;PCB - Kondom;2
406;199;3;Konstantfahrt Blaubasalt trocken;Oval;Blaubasalt;Konstantfahrt;80 km/h;W75;Goodyear;8 bar;trocken;keine;PCB - Kondom;1
407;199;3;Konstantfahrt Blaubasalt trocken;Oval;Blaubasalt;Konstantfahrt;80 km/h;W75;Goodyear;8 bar;trocken;keine;PCB - Kondom;2
408;200;3;Konstantfahrt Stahl trocken;Oval;Stahlbahn;Konstantfahrt;30 km/h;W75;Goodyear;8 bar;trocken;keine;PCB - Kondom;1
409;200;3;Konstantfahrt Stahl trocken;Oval;Stahlbahn;Konstantfahrt;30 km/h;W75;Goodyear;8 bar;trocken;keine;PCB - Kondom;2
410;201;3;Konstantfahrt Stahl trocken;Oval;Stahlbahn;Konstantfahrt;40 km/h;W75;Goodyear;8 bar;trocken;keine;PCB - Kondom;1
411;201;3;Konstantfahrt Stahl trocken;Oval;Stahlbahn;Konstantfahrt;40 km/h;W75;Goodyear;8 bar;trocken;keine;PCB - Kondom;2
412;202;3;Beschleunigungsfahrt trocken;Oval;Asphalt;Beschleunigung;0 - 80 km/h;W75;Goodyear;8 bar;trocken;Beregnung an;PCB - Kondom;1
413;202;3;Beschleunigungsfahrt trocken;Oval;Asphalt;Beschleunigung;0 - 80 km/h;W75;Goodyear;8 bar;trocken;Beregnung an;PCB - Kondom;2
414;203;3;Rollen trocken;Oval;Asphalt;Rollen;80 - X km/h;W75;Goodyear;8 bar;trocken;Beregnung an;PCB - Kondom;1
415;203;3;Rollen trocken;Oval;Asphalt;Rollen;80 - X km/h;W75;Goodyear;8 bar;trocken;Beregnung an;PCB - Kondom;2
416;204;3;Motor aus trocken;Oval;Asphalt;Rollen;80 - X km/h;W75;Goodyear;8 bar;trocken;Beregnung an;PCB - Kondom;1
417;204;3;Motor aus trocken;Oval;Asphalt;Rollen;80 - X km/h;W75;Goodyear;8 bar;trocken;Beregnung an;PCB - Kondom;2
418;205;3;Teilbremsung Asphalt trocken;Oval;Asphalt;Teillastbremsung;80 - 0 km/h;W75;Goodyear;8 bar;trocken;keine;PCB - Kondom;1
419;205;3;Teilbremsung Asphalt trocken;Oval;Asphalt;Teillastbremsung;80 - 0 km/h;W75;Goodyear;8 bar;trocken;keine;PCB - Kondom;2
420;206;3;Teilbremsung Blaubasalt trocken;Oval;Blaubasalt;Teillastbremsung;80 - 0 km/h;W75;Goodyear;8 bar;trocken;keine;PCB - Kondom;1
421;206;3;Teilbremsung Blaubasalt trocken;Oval;Blaubasalt;Teillastbremsung;80 - 0 km/h;W75;Goodyear;8 bar;trocken;keine;PCB - Kondom;2
422;207;3;Teilbremsung Stahl trocken;Oval;Stahlbahn;Teillastbremsung;80 - 0 km/h;W75;Goodyear;8 bar;trocken;keine;PCB - Kondom;1
423;207;3;Teilbremsung Stahl trocken;Oval;Stahlbahn;Teillastbremsung;80 - 0 km/h;W75;Goodyear;8 bar;trocken;keine;PCB - Kondom;2
424;208;3;Vollbremsung Asphalt trocken;Oval;Asphalt;Vollbremsung;80 - 0 km/h;W75;Goodyear;8 bar;trocken;keine;PCB - Kondom;1
425;208;3;Vollbremsung Asphalt trocken;Oval;Asphalt;Vollbremsung;80 - 0 km/h;W75;Goodyear;8 bar;trocken;keine;PCB - Kondom;2
426;209;3;Vollbremsung Blaubasalt trocken;Oval;Blaubasalt;Vollbremsung;50 - 0 km/h;W75;Goodyear;8 bar;trocken;keine;PCB - Kondom;1
427;209;3;Vollbremsung Blaubasalt trocken;Oval;Blaubasalt;Vollbremsung;50 - 0 km/h;W75;Goodyear;8 bar;trocken;keine;PCB - Kondom;2
428;210;3;Kurvenfahrt ESC-Kreisel trocken;ESC-Kreisel;Asphalt;Konstantfahrt;30 km/h;W75;Goodyear;8 bar;trocken;keine;PCB - Kondom;1
429;210;3;Kurvenfahrt ESC-Kreisel trocken;ESC-Kreisel;Asphalt;Konstantfahrt;30 km/h;W75;Goodyear;8 bar;trocken;keine;PCB - Kondom;2
430;211;3;Kurvenfahrt ESC-Kreisel trocken;ESC-Kreisel;Asphalt;Konstantfahrt;50 km/h;W75;Goodyear;8 bar;trocken;keine;PCB - Kondom;1
431;211;3;Kurvenfahrt ESC-Kreisel trocken;ESC-Kreisel;Asphalt;Konstantfahrt;50 km/h;W75;Goodyear;8 bar;trocken;keine;PCB - Kondom;2
432;212;3;Kurvenfahrt ESC-Kreisel trocken;ESC-Kreisel;Blaubasalt;Konstantfahrt;30 km/h;W75;Goodyear;8 bar;trocken;keine;PCB - Kondom;1
433;212;3;Kurvenfahrt ESC-Kreisel trocken;ESC-Kreisel;Blaubasalt;Konstantfahrt;30 km/h;W75;Goodyear;8 bar;trocken;keine;PCB - Kondom;2
434;213;3;Kurvenfahrt ESC-Kreisel trocken;ESC-Kreisel;Blaubasalt;Konstantfahrt;50 km/h;W75;Goodyear;8 bar;trocken;keine;PCB - Kondom;1
435;213;3;Kurvenfahrt ESC-Kreisel trocken;ESC-Kreisel;Blaubasalt;Konstantfahrt;50 km/h;W75;Goodyear;8 bar;trocken;keine;PCB - Kondom;2
436;214;3;Kurvenfahrt Fahrdynamikflaeche;Fahrdynamikflaeche;Asphalt;Konstantfahrt;50 km/h;W75;Goodyear;8 bar;trocken;keine;PCB - Kondom;1
437;214;3;Kurvenfahrt Fahrdynamikflaeche;Fahrdynamikflaeche;Asphalt;Konstantfahrt;50 km/h;W75;Goodyear;8 bar;trocken;keine;PCB - Kondom;2
438;215;3;Kurvenfahrt Fahrdynamikflaeche;Fahrdynamikflaeche;Asphalt;Konstantfahrt;50 km/h;W75;Goodyear;8 bar;trocken;keine;PCB - Kondom;1
439;215;3;Kurvenfahrt Fahrdynamikflaeche;Fahrdynamikflaeche;Asphalt;Konstantfahrt;50 km/h;W75;Goodyear;8 bar;trocken;keine;PCB - Kondom;2
440;216;3;Kurvenfahrt Fahrdynamikflaeche;Fahrdynamikflaeche;Asphalt;Konstantfahrt;40 km/h;W75;Goodyear;8 bar;trocken;keine;PCB - Kondom;1
441;216;3;Kurvenfahrt Fahrdynamikflaeche;Fahrdynamikflaeche;Asphalt;Konstantfahrt;40 km/h;W75;Goodyear;8 bar;trocken;keine;PCB - Kondom;2
442;217;3;Kurvenfahrt Fahrdynamikflaeche;Fahrdynamikflaeche;Asphalt;Konstantfahrt;30 km/h;W75;Goodyear;8 bar;trocken;keine;PCB - Kondom;1
443;217;3;Kurvenfahrt Fahrdynamikflaeche;Fahrdynamikflaeche;Asphalt;Konstantfahrt;30 km/h;W75;Goodyear;8 bar;trocken;keine;PCB - Kondom;2
444;218;3;Konstantfahrt Asphalt nass;Oval;Asphalt;Konstantfahrt;30 km/h;W75;Goodyear;8 bar;nass;keine;PCB - Kondom;1
445;218;3;Konstantfahrt Asphalt nass;Oval;Asphalt;Konstantfahrt;30 km/h;W75;Goodyear;8 bar;nass;keine;PCB - Kondom;2
446;219;3;Konstantfahrt Asphalt nass;Oval;Asphalt;Konstantfahrt;50 km/h;W75;Goodyear;8 bar;nass;keine;PCB - Kondom;1
447;219;3;Konstantfahrt Asphalt nass;Oval;Asphalt;Konstantfahrt;50 km/h;W75;Goodyear;8 bar;nass;keine;PCB - Kondom;2
448;220;3;Konstantfahrt Asphalt nass;Oval;Asphalt;Konstantfahrt;80 km/h;W75;Goodyear;8 bar;nass;keine;PCB - Kondom;1
449;220;3;Konstantfahrt Asphalt nass;Oval;Asphalt;Konstantfahrt;80 km/h;W75;Goodyear;8 bar;nass;keine;PCB - Kondom;2
450;221;3;Konstantfahrt Beton nass;Oval;Beton;Konstantfahrt;30 km/h;W75;Goodyear;8 bar;nass;keine;PCB - Kondom;1
451;221;3;Konstantfahrt Beton nass;Oval;Beton;Konstantfahrt;30 km/h;W75;Goodyear;8 bar;nass;keine;PCB - Kondom;2
452;222;3;Konstantfahrt Beton nass;Oval;Beton;Konstantfahrt;50 km/h;W75;Goodyear;8 bar;nass;keine;PCB - Kondom;1
453;222;3;Konstantfahrt Beton nass;Oval;Beton;Konstantfahrt;50 km/h;W75;Goodyear;8 bar;nass;keine;PCB - Kondom;2
454;223;3;Konstantfahrt Beton nass;Oval;Beton;Konstantfahrt;80 km/h;W75;Goodyear;8 bar;nass;keine;PCB - Kondom;1
455;223;3;Konstantfahrt Beton nass;Oval;Beton;Konstantfahrt;80 km/h;W75;Goodyear;8 bar;nass;keine;PCB - Kondom;2
456;224;3;Konstantfahrt Blaubasalt nass;Oval;Blaubasalt;Konstantfahrt;30 km/h;W75;Goodyear;8 bar;nass;keine;PCB - Kondom;1
457;224;3;Konstantfahrt Blaubasalt nass;Oval;Blaubasalt;Konstantfahrt;30 km/h;W75;Goodyear;8 bar;nass;keine;PCB - Kondom;2
458;225;3;Konstantfahrt Blaubasalt nass;Oval;Blaubasalt;Konstantfahrt;50 km/h;W75;Goodyear;8 bar;nass;keine;PCB - Kondom;1
459;225;3;Konstantfahrt Blaubasalt nass;Oval;Blaubasalt;Konstantfahrt;50 km/h;W75;Goodyear;8 bar;nass;keine;PCB - Kondom;2
460;226;3;Konstantfahrt Blaubasalt nass;Oval;Blaubasalt;Konstantfahrt;80 km/h;W75;Goodyear;8 bar;nass;keine;PCB - Kondom;1
461;226;3;Konstantfahrt Blaubasalt nass;Oval;Blaubasalt;Konstantfahrt;80 km/h;W75;Goodyear;8 bar;nass;keine;PCB - Kondom;2
462;227;3;Konstantfahrt Stahl nass;Oval;Stahlbahn;Konstantfahrt;30 km/h;W75;Goodyear;8 bar;nass;keine;PCB - Kondom;1
463;227;3;Konstantfahrt Stahl nass;Oval;Stahlbahn;Konstantfahrt;30 km/h;W75;Goodyear;8 bar;nass;keine;PCB - Kondom;2
464;228;3;Konstantfahrt Stahl nass;Oval;Stahlbahn;Konstantfahrt;40 km/h;W75;Goodyear;8 bar;nass;keine;PCB - Kondom;1
465;228;3;Konstantfahrt Stahl nass;Oval;Stahlbahn;Konstantfahrt;40 km/h;W75;Goodyear;8 bar;nass;keine;PCB - Kondom;2
466;229;3;Beschleunigungsfahrt nass;Oval;Asphalt;Beschleunigung;0 - 80 km/h;W75;Goodyear;8 bar;nass;keine;PCB - Kondom;1
467;229;3;Beschleunigungsfahrt nass;Oval;Asphalt;Beschleunigung;0 - 80 km/h;W75;Goodyear;8 bar;nass;keine;PCB - Kondom;2
468;230;3;Rollen nass;Oval;Asphalt;Rollen;80 - X km/h;W75;Goodyear;8 bar;nass;keine;PCB - Kondom;1
469;230;3;Rollen nass;Oval;Asphalt;Rollen;80 - X km/h;W75;Goodyear;8 bar;nass;keine;PCB - Kondom;2
470;231;3;Motor aus nass;Oval;Asphalt;Rollen;80 - X km/h;W75;Goodyear;8 bar;nass;keine;PCB - Kondom;1
471;231;3;Motor aus nass;Oval;Asphalt;Rollen;80 - X km/h;W75;Goodyear;8 bar;nass;keine;PCB - Kondom;2
472;232;3;Konstantfahrt Asphalt nass;Oval;Asphalt;Konstantfahrt;80 km/h;W75;Goodyear;8 bar;nass;keine;PCB - Kondom;1
473;232;3;Konstantfahrt Asphalt nass;Oval;Asphalt;Konstantfahrt;80 km/h;W75;Goodyear;8 bar;nass;keine;PCB - Kondom;2
474;233;3;Konstantfahrt Asphalt nass;Oval;Asphalt;Konstantfahrt;80 km/h;W75;Goodyear;8 bar;nass;keine;PCB - Kondom;1
475;233;3;Konstantfahrt Asphalt nass;Oval;Asphalt;Konstantfahrt;80 km/h;W75;Goodyear;8 bar;nass;keine;PCB - Kondom;2
476;234;3;Konstantfahrt Beton nass;Oval;Beton;Konstantfahrt;80 km/h;W75;Goodyear;8 bar;nass;keine;PCB - Kondom;1
477;234;3;Konstantfahrt Beton nass;Oval;Beton;Konstantfahrt;80 km/h;W75;Goodyear;8 bar;nass;keine;PCB - Kondom;2
478;235;3;Konstantfahrt Beton nass;Oval;Beton;Konstantfahrt;80 km/h;W75;Goodyear;8 bar;nass;keine;PCB - Kondom;1
479;235;3;Konstantfahrt Beton nass;Oval;Beton;Konstantfahrt;80 km/h;W75;Goodyear;8 bar;nass;keine;PCB - Kondom;2
480;236;3;Stillstand Motor aus;Oval;Asphalt;Stillstand;0 km/h;W75;Goodyear;8 bar;trocken;keine;PCB - Kondom;3
481;236;3;Stillstand Motor aus;Oval;Asphalt;Stillstand;0 km/h;W75;Goodyear;8 bar;trocken;keine;PCB - Kondom;4
482;237;3;Stillstand Leerlauf;Oval;Asphalt;Stillstand;0 km/h;W75;Goodyear;8 bar;trocken;keine;PCB - Kondom;3
483;237;3;Stillstand Leerlauf;Oval;Asphalt;Stillstand;0 km/h;W75;Goodyear;8 bar;trocken;keine;PCB - Kondom;4
484;238;3;Stillstand Drehzahlerhoehung;Oval;Asphalt;Stillstand;0 km/h;W75;Goodyear;8 bar;trocken;keine;PCB - Kondom;3
485;238;3;Stillstand Drehzahlerhoehung;Oval;Asphalt;Stillstand;0 km/h;W75;Goodyear;8 bar;trocken;keine;PCB - Kondom;4
486;239;3;Konstantfahrt Asphalt nass;Oval;Asphalt;Konstantfahrt;30 km/h;W75;Goodyear;8 bar;nass;keine;PCB - Kondom;3
487;239;3;Konstantfahrt Asphalt nass;Oval;Asphalt;Konstantfahrt;30 km/h;W75;Goodyear;8 bar;nass;keine;PCB - Kondom;4
488;240;3;Konstantfahrt Asphalt nass;Oval;Asphalt;Konstantfahrt;50 km/h;W75;Goodyear;8 bar;nass;keine;PCB - Kondom;3
489;240;3;Konstantfahrt Asphalt nass;Oval;Asphalt;Konstantfahrt;50 km/h;W75;Goodyear;8 bar;nass;keine;PCB - Kondom;4
490;241;3;Konstantfahrt Asphalt nass;Oval;Asphalt;Konstantfahrt;80 km/h;W75;Goodyear;8 bar;nass;keine;PCB - Kondom;3
491;241;3;Konstantfahrt Asphalt nass;Oval;Asphalt;Konstantfahrt;80 km/h;W75;Goodyear;8 bar;nass;keine;PCB - Kondom;4
492;242;3;Konstantfahrt Beton nass;Oval;Beton;Konstantfahrt;30 km/h;W75;Goodyear;8 bar;nass;keine;PCB - Kondom;3
493;242;3;Konstantfahrt Beton nass;Oval;Beton;Konstantfahrt;30 km/h;W75;Goodyear;8 bar;nass;keine;PCB - Kondom;4
494;243;3;Konstantfahrt Beton nass;Oval;Beton;Konstantfahrt;50 km/h;W75;Goodyear;8 bar;nass;keine;PCB - Kondom;3
495;243;3;Konstantfahrt Beton nass;Oval;Beton;Konstantfahrt;50 km/h;W75;Goodyear;8 bar;nass;keine;PCB - Kondom;4
496;244;3;Konstantfahrt Beton nass;Oval;Beton;Konstantfahrt;80 km/h;W75;Goodyear;8 bar;nass;keine;PCB - Kondom;3
497;244;3;Konstantfahrt Beton nass;Oval;Beton;Konstantfahrt;80 km/h;W75;Goodyear;8 bar;nass;keine;PCB - Kondom;4
498;245;3;Konstantfahrt Blaubasalt nass;Oval;Blaubasalt;Konstantfahrt;30 km/h;W75;Goodyear;8 bar;nass;keine;PCB - Kondom;3
499;245;3;Konstantfahrt Blaubasalt nass;Oval;Blaubasalt;Konstantfahrt;30 km/h;W75;Goodyear;8 bar;nass;keine;PCB - Kondom;4
500;246;3;Konstantfahrt Blaubasalt nass;Oval;Blaubasalt;Konstantfahrt;50 km/h;W75;Goodyear;8 bar;nass;keine;PCB - Kondom;3
501;246;3;Konstantfahrt Blaubasalt nass;Oval;Blaubasalt;Konstantfahrt;50 km/h;W75;Goodyear;8 bar;nass;keine;PCB - Kondom;4
502;247;3;Konstantfahrt Blaubasalt nass;Oval;Blaubasalt;Konstantfahrt;80 km/h;W75;Goodyear;8 bar;nass;keine;PCB - Kondom;3
503;247;3;Konstantfahrt Blaubasalt nass;Oval;Blaubasalt;Konstantfahrt;80 km/h;W75;Goodyear;8 bar;nass;keine;PCB - Kondom;4
504;248;3;Konstantfahrt Stahl nass;Oval;Stahlbahn;Konstantfahrt;30 km/h;W75;Goodyear;8 bar;nass;keine;PCB - Kondom;3
505;248;3;Konstantfahrt Stahl nass;Oval;Stahlbahn;Konstantfahrt;30 km/h;W75;Goodyear;8 bar;nass;keine;PCB - Kondom;4
506;249;3;Konstantfahrt Stahl nass;Oval;Stahlbahn;Konstantfahrt;40 km/h;W75;Goodyear;8 bar;nass;keine;PCB - Kondom;3
507;249;3;Konstantfahrt Stahl nass;Oval;Stahlbahn;Konstantfahrt;40 km/h;W75;Goodyear;8 bar;nass;keine;PCB - Kondom;4
508;250;3;Beschleunigungsfahrt nass;Oval;Asphalt;Beschleunigung;0 - 80 km/h;W75;Goodyear;8 bar;nass;keine;PCB - Kondom;3
509;250;3;Beschleunigungsfahrt nass;Oval;Asphalt;Beschleunigung;0 - 80 km/h;W75;Goodyear;8 bar;nass;keine;PCB - Kondom;4
510;251;3;Rollen nass;Oval;Asphalt;Rollen;80 - X km/h;W75;Goodyear;8 bar;nass;keine;PCB - Kondom;3
511;251;3;Rollen nass;Oval;Asphalt;Rollen;80 - X km/h;W75;Goodyear;8 bar;nass;keine;PCB - Kondom;4
512;252;3;Motor aus nass;Oval;Asphalt;Rollen;80 - X km/h;W75;Goodyear;8 bar;nass;keine;PCB - Kondom;3
513;252;3;Motor aus nass;Oval;Asphalt;Rollen;80 - X km/h;W75;Goodyear;8 bar;nass;keine;PCB - Kondom;4
514;253;3;Konstantfahrt Asphalt nass;Oval;Asphalt;Konstantfahrt;80 km/h;W75;Goodyear;8 bar;nass;keine;PCB - Kondom;3
515;253;3;Konstantfahrt Asphalt nass;Oval;Asphalt;Konstantfahrt;80 km/h;W75;Goodyear;8 bar;nass;keine;PCB - Kondom;4
516;254;3;Konstantfahrt Asphalt nass;Oval;Asphalt;Konstantfahrt;80 km/h;W75;Goodyear;8 bar;nass;keine;PCB - Kondom;3
517;254;3;Konstantfahrt Asphalt nass;Oval;Asphalt;Konstantfahrt;80 km/h;W75;Goodyear;8 bar;nass;keine;PCB - Kondom;4
518;255;3;Konstantfahrt Beton nass;Oval;Beton;Konstantfahrt;80 km/h;W75;Goodyear;8 bar;nass;keine;PCB - Kondom;3
519;255;3;Konstantfahrt Beton nass;Oval;Beton;Konstantfahrt;80 km/h;W75;Goodyear;8 bar;nass;keine;PCB - Kondom;4
520;256;3;Konstantfahrt Beton nass;Oval;Beton;Konstantfahrt;80 km/h;W75;Goodyear;8 bar;nass;keine;PCB - Kondom;3
521;256;3;Konstantfahrt Beton nass;Oval;Beton;Konstantfahrt;80 km/h;W75;Goodyear;8 bar;nass;keine;PCB - Kondom;4
522;257;3;Teilbremsung Asphalt nass;Oval;Asphalt;Teillastbremsung;80 - 0 km/h;W75;Goodyear;8 bar;nass;keine;PCB - Kondom;3
523;257;3;Teilbremsung Asphalt nass;Oval;Asphalt;Teillastbremsung;80 - 0 km/h;W75;Goodyear;8 bar;nass;keine;PCB - Kondom;4
524;258;3;Vollbremsung Asphalt nass;Oval;Asphalt;Vollbremsung;80 - 0 km/h;W75;Goodyear;8 bar;nass;keine;PCB - Kondom;3
525;258;3;Vollbremsung Asphalt nass;Oval;Asphalt;Vollbremsung;80 - 0 km/h;W75;Goodyear;8 bar;nass;keine;PCB - Kondom;4
